<?xml version="1.0" encoding="UTF-8" standalone="yes"?>
<F_entailment_graph nodeNum="2">
    <node id="153220.txt_1_0" modality="FALSE" explicit_context="153220.txt" implicit_context="" focus="snack" implicit_focus="">
        <original_text>snack in your Standard Magnum class is ridiculous</original_text>
        <correct_text></correct_text>
    </node>
    <node id="153220.txt_1_1" modality="FALSE" explicit_context="153220.txt" implicit_context="" focus="snack" implicit_focus="">
        <original_text>snack is ridiculous</original_text>
        <correct_text></correct_text>
    </node>
    <edge id="153220.txt_1_0-153220.txt_1_1" source="153220.txt_1_0" target="153220.txt_1_1"/>
</F_entailment_graph>
