<?xml version="1.0" encoding="UTF-8" standalone="yes"?>
<F_entailment_graph nodeNum="4">
    <node id="278254.txt_1_0" modality="FALSE" explicit_context="278254.txt" implicit_context="" focus="snacks" implicit_focus="">
        <original_text>Savory snacks in the waiting room in Moonport - horrible</original_text>
        <correct_text></correct_text>
    </node>
    <node id="278254.txt_1_1" modality="FALSE" explicit_context="278254.txt" implicit_context="" focus="snacks" implicit_focus="">
        <original_text>Savory snacks in the waiting room - horrible</original_text>
        <correct_text></correct_text>
    </node>
    <node id="278254.txt_1_2" modality="FALSE" explicit_context="278254.txt" implicit_context="" focus="snacks" implicit_focus="">
        <original_text>Savory snacks - horrible</original_text>
        <correct_text></correct_text>
    </node>
    <node id="278254.txt_1_3" modality="FALSE" explicit_context="278254.txt" implicit_context="" focus="snacks" implicit_focus="">
        <original_text>snacks - horrible</original_text>
        <correct_text></correct_text>
    </node>
    <edge id="278254.txt_1_0-278254.txt_1_1" source="278254.txt_1_0" target="278254.txt_1_1"/>
    <edge id="278254.txt_1_1-278254.txt_1_2" source="278254.txt_1_1" target="278254.txt_1_2"/>
    <edge id="278254.txt_1_0-278254.txt_1_2" source="278254.txt_1_0" target="278254.txt_1_2"/>
    <edge id="278254.txt_1_2-278254.txt_1_3" source="278254.txt_1_2" target="278254.txt_1_3"/>
    <edge id="278254.txt_1_1-278254.txt_1_3" source="278254.txt_1_1" target="278254.txt_1_3"/>
    <edge id="278254.txt_1_0-278254.txt_1_3" source="278254.txt_1_0" target="278254.txt_1_3"/>
</F_entailment_graph>
