<?xml version="1.0" encoding="UTF-8" standalone="yes"?>
<F_entailment_graph nodeNum="2">
    <node id="373217.txt_1_0" modality="TRUE" explicit_context="373217.txt" implicit_context="" focus="snacks" implicit_focus="">
        <original_text>Hot snacks would be an improvement as opposed to cold buffet items</original_text>
        <correct_text></correct_text>
    </node>
    <node id="373217.txt_1_1" modality="TRUE" explicit_context="373217.txt" implicit_context="" focus="snacks" implicit_focus="">
        <original_text>Hot snacks would be an improvement</original_text>
        <correct_text></correct_text>
    </node>
    <edge id="373217.txt_1_0-373217.txt_1_1" source="373217.txt_1_0" target="373217.txt_1_1"/>
</F_entailment_graph>
