<?xml version="1.0" encoding="UTF-8" standalone="yes"?>
<F_entailment_graph nodeNum="31">
    <node id="340247.txt_1_0">
        <original_text>price of snacks in the bar - car</original_text>
        <correct_text></correct_text>
    </node>
    <node id="212549.txt_1_0">
        <original_text>Expensive on - board snack items</original_text>
        <correct_text></correct_text>
    </node>
    <node id="455758.txt_1_0">
        <original_text>The food Is outrageously expensive</original_text>
        <correct_text></correct_text>
    </node>
    <node id="330688.txt_6_0">
        <original_text>food ridiculously expensive</original_text>
        <correct_text>food is ridiculously expensive</correct_text>
    </node>
    <node id="387881.txt_2_1">
        <original_text>Prices are high on food</original_text>
        <correct_text></correct_text>
    </node>
    <node id="313632.txt_2_1">
        <original_text>cheaper food needed</original_text>
        <correct_text></correct_text>
    </node>
    <node id="330688.txt_6_1">
        <original_text>food expensive</original_text>
        <correct_text>food is expensive</correct_text>
    </node>
    <node id="455758.txt_1_1">
        <original_text>The food Is expensive</original_text>
        <correct_text></correct_text>
    </node>
    <node id="142421.txt_5_0">
        <original_text>Cheaper catering needed</original_text>
        <correct_text></correct_text>
    </node>
    <node id="446030.txt_1_1">
        <original_text>The costs of the food were too high</original_text>
        <correct_text></correct_text>
    </node>
    <node id="522262.txt_4_0">
        <original_text>food are just too expensive</original_text>
        <correct_text>food is just too expensive</correct_text>
    </node>
    <node id="401238.txt_2_1">
        <original_text>The food is overpriced</original_text>
        <correct_text></correct_text>
    </node>
    <node id="212549.txt_1_1">
        <original_text>Expensive snack items</original_text>
        <correct_text></correct_text>
    </node>
    <node id="209734.txt_1_0">
        <original_text>Cheaper snack prices</original_text>
        <correct_text></correct_text>
    </node>
    <node id="340247.txt_1_1">
        <original_text>price of snacks</original_text>
        <correct_text></correct_text>
    </node>
    <node id="330688.txt_7_1">
        <original_text>beverage expensive</original_text>
        <correct_text>beverage is expensive</correct_text>
    </node>
    <node id="446030.txt_2_1">
        <original_text>The costs of the drinks were too high</original_text>
        <correct_text></correct_text>
    </node>
    <node id="522262.txt_3_0">
        <original_text>drinks are just too expensive</original_text>
        <correct_text></correct_text>
    </node>
    <node id="313632.txt_2_0">
        <original_text>cheaper food on the train needed</original_text>
        <correct_text></correct_text>
    </node>
    <node id="446030.txt_1_0">
        <original_text>The costs of the onboard food were too high</original_text>
        <correct_text></correct_text>
    </node>
    <node id="401238.txt_2_0">
        <original_text>The kiosk food is overpriced</original_text>
        <correct_text></correct_text>
    </node>
    <node id="149639.txt_5_0">
        <original_text>on board food is overpriced for what it is</original_text>
        <correct_text></correct_text>
    </node>
    <node id="446030.txt_2_0">
        <original_text>The costs of the onboard drinks were too high</original_text>
        <correct_text></correct_text>
    </node>
    <node id="8262.txt_1_0">
        <original_text>Prices at the food bar are a bit expensive</original_text>
        <correct_text></correct_text>
    </node>
    <node id="387881.txt_2_0">
        <original_text>Prices are quite high on food</original_text>
        <correct_text></correct_text>
    </node>
    <node id="8262.txt_1_2">
        <original_text>Prices are a bit expensive</original_text>
        <correct_text></correct_text>
    </node>
    <node id="8262.txt_1_1">
        <original_text>Prices at the food bar are expensive</original_text>
        <correct_text></correct_text>
    </node>
    <node id="142421.txt_1_0">
        <original_text>prices for food / drink on board were excessive</original_text>
        <correct_text></correct_text>
    </node>
    <node id="30786.txt_3_0">
        <original_text>Price are going up</original_text>
        <correct_text>Prices are going up</correct_text>
    </node>
    <node id="330688.txt_7_0">
        <original_text>beverage ridiculously expensive</original_text>
        <correct_text>beverage is rediculously expensive</correct_text>
    </node>
    <node id="8262.txt_1_3">
        <original_text>Prices are expensive</original_text>
        <correct_text></correct_text>
    </node>
    <edge id="401238.txt_2_1-387881.txt_2_0" source="387881.txt_2_0" target="401238.txt_2_1"/>
    <edge id="142421.txt_5_0-455758.txt_1_1" source="455758.txt_1_1" target="142421.txt_5_0"/>
    <edge id="313632.txt_2_1-8262.txt_1_1" source="8262.txt_1_1" target="313632.txt_2_1"/>
    <edge id="522262.txt_4_0-455758.txt_1_1" source="455758.txt_1_1" target="522262.txt_4_0"/>
    <edge id="401238.txt_2_1-340247.txt_1_0" source="340247.txt_1_0" target="401238.txt_2_1"/>
    <edge id="142421.txt_5_0-401238.txt_2_0" source="401238.txt_2_0" target="142421.txt_5_0"/>
    <edge id="330688.txt_6_1-313632.txt_2_1" source="313632.txt_2_1" target="330688.txt_6_1"/>
    <edge id="446030.txt_1_1-142421.txt_1_0" source="142421.txt_1_0" target="446030.txt_1_1"/>
    <edge id="8262.txt_1_3-209734.txt_1_0" source="209734.txt_1_0" target="8262.txt_1_3"/>
    <edge id="313632.txt_2_1-387881.txt_2_0" source="387881.txt_2_0" target="313632.txt_2_1"/>
    <edge id="401238.txt_2_1-455758.txt_1_1" source="455758.txt_1_1" target="401238.txt_2_1"/>
    <edge id="455758.txt_1_1-387881.txt_2_1" source="387881.txt_2_1" target="455758.txt_1_1"/>
    <edge id="330688.txt_6_1-142421.txt_5_0" source="142421.txt_5_0" target="330688.txt_6_1"/>
    <edge id="387881.txt_2_0-330688.txt_6_0" source="330688.txt_6_0" target="387881.txt_2_0"/>
    <edge id="8262.txt_1_3-149639.txt_5_0" source="149639.txt_5_0" target="8262.txt_1_3"/>
    <edge id="387881.txt_2_1-8262.txt_1_0" source="8262.txt_1_0" target="387881.txt_2_1"/>
    <edge id="446030.txt_1_1-330688.txt_6_0" source="330688.txt_6_0" target="446030.txt_1_1"/>
    <edge id="387881.txt_2_1-212549.txt_1_1" source="212549.txt_1_1" target="387881.txt_2_1"/>
    <edge id="142421.txt_5_0-212549.txt_1_0" source="212549.txt_1_0" target="142421.txt_5_0"/>
    <edge id="446030.txt_2_1-142421.txt_1_0" source="142421.txt_1_0" target="446030.txt_2_1"/>
    <edge id="313632.txt_2_1-330688.txt_6_0" source="330688.txt_6_0" target="313632.txt_2_1"/>
    <edge id="313632.txt_2_0-212549.txt_1_0" source="212549.txt_1_0" target="313632.txt_2_0"/>
    <edge id="446030.txt_1_1-387881.txt_2_0" source="387881.txt_2_0" target="446030.txt_1_1"/>
    <edge id="340247.txt_1_1-212549.txt_1_1" source="212549.txt_1_1" target="340247.txt_1_1"/>
    <edge id="8262.txt_1_3-401238.txt_2_1" source="401238.txt_2_1" target="8262.txt_1_3"/>
    <edge id="142421.txt_5_0-446030.txt_1_0" source="446030.txt_1_0" target="142421.txt_5_0"/>
    <edge id="330688.txt_6_1-340247.txt_1_1" source="340247.txt_1_1" target="330688.txt_6_1"/>
    <edge id="142421.txt_5_0-401238.txt_2_1" source="401238.txt_2_1" target="142421.txt_5_0"/>
    <edge id="446030.txt_1_1-455758.txt_1_0" source="455758.txt_1_0" target="446030.txt_1_1"/>
    <edge id="330688.txt_6_1-142421.txt_1_0" source="142421.txt_1_0" target="330688.txt_6_1"/>
    <edge id="522262.txt_4_0-212549.txt_1_0" source="212549.txt_1_0" target="522262.txt_4_0"/>
    <edge id="340247.txt_1_1-212549.txt_1_0" source="212549.txt_1_0" target="340247.txt_1_1"/>
    <edge id="330688.txt_6_0-455758.txt_1_0" source="455758.txt_1_0" target="330688.txt_6_0"/>
    <edge id="313632.txt_2_1-209734.txt_1_0" source="209734.txt_1_0" target="313632.txt_2_1"/>
    <edge id="8262.txt_1_1-8262.txt_1_0" source="8262.txt_1_0" target="8262.txt_1_1"/>
    <edge id="209734.txt_1_0-340247.txt_1_0" source="340247.txt_1_0" target="209734.txt_1_0"/>
    <edge id="387881.txt_2_1-330688.txt_6_1" source="330688.txt_6_1" target="387881.txt_2_1"/>
    <edge id="455758.txt_1_1-446030.txt_1_0" source="446030.txt_1_0" target="455758.txt_1_1"/>
    <edge id="446030.txt_1_1-522262.txt_4_0" source="522262.txt_4_0" target="446030.txt_1_1"/>
    <edge id="455758.txt_1_1-522262.txt_4_0" source="522262.txt_4_0" target="455758.txt_1_1"/>
    <edge id="455758.txt_1_1-340247.txt_1_1" source="340247.txt_1_1" target="455758.txt_1_1"/>
    <edge id="446030.txt_1_1-8262.txt_1_0" source="8262.txt_1_0" target="446030.txt_1_1"/>
    <edge id="142421.txt_5_0-209734.txt_1_0" source="209734.txt_1_0" target="142421.txt_5_0"/>
    <edge id="212549.txt_1_1-209734.txt_1_0" source="209734.txt_1_0" target="212549.txt_1_1"/>
    <edge id="313632.txt_2_1-313632.txt_2_0" source="313632.txt_2_0" target="313632.txt_2_1"/>
    <edge id="446030.txt_1_1-330688.txt_6_1" source="330688.txt_6_1" target="446030.txt_1_1"/>
    <edge id="401238.txt_2_1-142421.txt_5_0" source="142421.txt_5_0" target="401238.txt_2_1"/>
    <edge id="8262.txt_1_3-522262.txt_4_0" source="522262.txt_4_0" target="8262.txt_1_3"/>
    <edge id="522262.txt_4_0-330688.txt_6_0" source="330688.txt_6_0" target="522262.txt_4_0"/>
    <edge id="401238.txt_2_1-149639.txt_5_0" source="149639.txt_5_0" target="401238.txt_2_1"/>
    <edge id="446030.txt_1_1-313632.txt_2_0" source="313632.txt_2_0" target="446030.txt_1_1"/>
    <edge id="446030.txt_1_1-313632.txt_2_1" source="313632.txt_2_1" target="446030.txt_1_1"/>
    <edge id="522262.txt_4_0-401238.txt_2_1" source="401238.txt_2_1" target="522262.txt_4_0"/>
    <edge id="8262.txt_1_3-142421.txt_1_0" source="142421.txt_1_0" target="8262.txt_1_3"/>
    <edge id="401238.txt_2_1-455758.txt_1_0" source="455758.txt_1_0" target="401238.txt_2_1"/>
    <edge id="330688.txt_6_0-142421.txt_1_0" source="142421.txt_1_0" target="330688.txt_6_0"/>
    <edge id="522262.txt_4_0-455758.txt_1_0" source="455758.txt_1_0" target="522262.txt_4_0"/>
    <edge id="455758.txt_1_1-313632.txt_2_1" source="313632.txt_2_1" target="455758.txt_1_1"/>
    <edge id="340247.txt_1_0-212549.txt_1_0" source="212549.txt_1_0" target="340247.txt_1_0"/>
    <edge id="455758.txt_1_1-455758.txt_1_0" source="455758.txt_1_0" target="455758.txt_1_1"/>
    <edge id="455758.txt_1_1-330688.txt_6_1" source="330688.txt_6_1" target="455758.txt_1_1"/>
    <edge id="455758.txt_1_1-313632.txt_2_0" source="313632.txt_2_0" target="455758.txt_1_1"/>
    <edge id="8262.txt_1_3-142421.txt_5_0" source="142421.txt_5_0" target="8262.txt_1_3"/>
    <edge id="522262.txt_4_0-313632.txt_2_0" source="313632.txt_2_0" target="522262.txt_4_0"/>
    <edge id="212549.txt_1_1-340247.txt_1_1" source="340247.txt_1_1" target="212549.txt_1_1"/>
    <edge id="401238.txt_2_1-313632.txt_2_0" source="313632.txt_2_0" target="401238.txt_2_1"/>
    <edge id="455758.txt_1_1-8262.txt_1_1" source="8262.txt_1_1" target="455758.txt_1_1"/>
    <edge id="330688.txt_6_1-401238.txt_2_0" source="401238.txt_2_0" target="330688.txt_6_1"/>
    <edge id="330688.txt_6_1-340247.txt_1_0" source="340247.txt_1_0" target="330688.txt_6_1"/>
    <edge id="446030.txt_1_0-313632.txt_2_0" source="313632.txt_2_0" target="446030.txt_1_0"/>
    <edge id="522262.txt_4_0-387881.txt_2_1" source="387881.txt_2_1" target="522262.txt_4_0"/>
    <edge id="446030.txt_2_1-330688.txt_7_1" source="330688.txt_7_1" target="446030.txt_2_1"/>
    <edge id="446030.txt_1_1-212549.txt_1_0" source="212549.txt_1_0" target="446030.txt_1_1"/>
    <edge id="8262.txt_1_3-8262.txt_1_0" source="8262.txt_1_0" target="8262.txt_1_3"/>
    <edge id="446030.txt_1_1-340247.txt_1_0" source="340247.txt_1_0" target="446030.txt_1_1"/>
    <edge id="455758.txt_1_1-340247.txt_1_0" source="340247.txt_1_0" target="455758.txt_1_1"/>
    <edge id="387881.txt_2_1-401238.txt_2_0" source="401238.txt_2_0" target="387881.txt_2_1"/>
    <edge id="313632.txt_2_1-8262.txt_1_0" source="8262.txt_1_0" target="313632.txt_2_1"/>
    <edge id="142421.txt_5_0-8262.txt_1_0" source="8262.txt_1_0" target="142421.txt_5_0"/>
    <edge id="455758.txt_1_1-387881.txt_2_0" source="387881.txt_2_0" target="455758.txt_1_1"/>
    <edge id="8262.txt_1_3-340247.txt_1_1" source="340247.txt_1_1" target="8262.txt_1_3"/>
    <edge id="330688.txt_7_0-142421.txt_1_0" source="142421.txt_1_0" target="330688.txt_7_0"/>
    <edge id="313632.txt_2_0-149639.txt_5_0" source="149639.txt_5_0" target="313632.txt_2_0"/>
    <edge id="8262.txt_1_3-455758.txt_1_1" source="455758.txt_1_1" target="8262.txt_1_3"/>
    <edge id="401238.txt_2_1-446030.txt_1_0" source="446030.txt_1_0" target="401238.txt_2_1"/>
    <edge id="455758.txt_1_1-142421.txt_5_0" source="142421.txt_5_0" target="455758.txt_1_1"/>
    <edge id="8262.txt_1_3-313632.txt_2_0" source="313632.txt_2_0" target="8262.txt_1_3"/>
    <edge id="8262.txt_1_3-401238.txt_2_0" source="401238.txt_2_0" target="8262.txt_1_3"/>
    <edge id="387881.txt_2_1-387881.txt_2_0" source="387881.txt_2_0" target="387881.txt_2_1"/>
    <edge id="455758.txt_1_1-446030.txt_1_1" source="446030.txt_1_1" target="455758.txt_1_1"/>
    <edge id="330688.txt_6_1-149639.txt_5_0" source="149639.txt_5_0" target="330688.txt_6_1"/>
    <edge id="313632.txt_2_1-455758.txt_1_0" source="455758.txt_1_0" target="313632.txt_2_1"/>
    <edge id="387881.txt_2_1-313632.txt_2_0" source="313632.txt_2_0" target="387881.txt_2_1"/>
    <edge id="446030.txt_1_1-387881.txt_2_1" source="387881.txt_2_1" target="446030.txt_1_1"/>
    <edge id="522262.txt_3_0-446030.txt_2_0" source="446030.txt_2_0" target="522262.txt_3_0"/>
    <edge id="401238.txt_2_1-522262.txt_4_0" source="522262.txt_4_0" target="401238.txt_2_1"/>
    <edge id="401238.txt_2_1-446030.txt_1_1" source="446030.txt_1_1" target="401238.txt_2_1"/>
    <edge id="8262.txt_1_1-212549.txt_1_0" source="212549.txt_1_0" target="8262.txt_1_1"/>
    <edge id="313632.txt_2_1-142421.txt_5_0" source="142421.txt_5_0" target="313632.txt_2_1"/>
    <edge id="8262.txt_1_3-8262.txt_1_2" source="8262.txt_1_2" target="8262.txt_1_3"/>
    <edge id="387881.txt_2_0-142421.txt_1_0" source="142421.txt_1_0" target="387881.txt_2_0"/>
    <edge id="387881.txt_2_0-455758.txt_1_0" source="455758.txt_1_0" target="387881.txt_2_0"/>
    <edge id="142421.txt_5_0-522262.txt_4_0" source="522262.txt_4_0" target="142421.txt_5_0"/>
    <edge id="212549.txt_1_1-212549.txt_1_0" source="212549.txt_1_0" target="212549.txt_1_1"/>
    <edge id="387881.txt_2_1-8262.txt_1_1" source="8262.txt_1_1" target="387881.txt_2_1"/>
    <edge id="387881.txt_2_1-142421.txt_1_0" source="142421.txt_1_0" target="387881.txt_2_1"/>
    <edge id="387881.txt_2_1-401238.txt_2_1" source="401238.txt_2_1" target="387881.txt_2_1"/>
    <edge id="8262.txt_1_3-313632.txt_2_1" source="313632.txt_2_1" target="8262.txt_1_3"/>
    <edge id="209734.txt_1_0-212549.txt_1_1" source="212549.txt_1_1" target="209734.txt_1_0"/>
    <edge id="401238.txt_2_1-212549.txt_1_1" source="212549.txt_1_1" target="401238.txt_2_1"/>
    <edge id="313632.txt_2_1-340247.txt_1_1" source="340247.txt_1_1" target="313632.txt_2_1"/>
    <edge id="313632.txt_2_1-330688.txt_6_1" source="330688.txt_6_1" target="313632.txt_2_1"/>
    <edge id="330688.txt_6_1-330688.txt_6_0" source="330688.txt_6_0" target="330688.txt_6_1"/>
    <edge id="401238.txt_2_1-340247.txt_1_1" source="340247.txt_1_1" target="401238.txt_2_1"/>
    <edge id="446030.txt_1_0-340247.txt_1_0" source="340247.txt_1_0" target="446030.txt_1_0"/>
    <edge id="330688.txt_6_1-522262.txt_4_0" source="522262.txt_4_0" target="330688.txt_6_1"/>
    <edge id="387881.txt_2_1-446030.txt_1_0" source="446030.txt_1_0" target="387881.txt_2_1"/>
    <edge id="387881.txt_2_1-149639.txt_5_0" source="149639.txt_5_0" target="387881.txt_2_1"/>
    <edge id="522262.txt_3_0-330688.txt_7_1" source="330688.txt_7_1" target="522262.txt_3_0"/>
    <edge id="387881.txt_2_1-446030.txt_1_1" source="446030.txt_1_1" target="387881.txt_2_1"/>
    <edge id="142421.txt_5_0-340247.txt_1_1" source="340247.txt_1_1" target="142421.txt_5_0"/>
    <edge id="330688.txt_7_1-446030.txt_2_0" source="446030.txt_2_0" target="330688.txt_7_1"/>
    <edge id="330688.txt_7_1-142421.txt_1_0" source="142421.txt_1_0" target="330688.txt_7_1"/>
    <edge id="313632.txt_2_1-212549.txt_1_0" source="212549.txt_1_0" target="313632.txt_2_1"/>
    <edge id="522262.txt_4_0-340247.txt_1_0" source="340247.txt_1_0" target="522262.txt_4_0"/>
    <edge id="8262.txt_1_3-387881.txt_2_1" source="387881.txt_2_1" target="8262.txt_1_3"/>
    <edge id="401238.txt_2_1-212549.txt_1_0" source="212549.txt_1_0" target="401238.txt_2_1"/>
    <edge id="446030.txt_1_1-455758.txt_1_1" source="455758.txt_1_1" target="446030.txt_1_1"/>
    <edge id="8262.txt_1_1-340247.txt_1_0" source="340247.txt_1_0" target="8262.txt_1_1"/>
    <edge id="387881.txt_2_1-209734.txt_1_0" source="209734.txt_1_0" target="387881.txt_2_1"/>
    <edge id="142421.txt_5_0-330688.txt_6_0" source="330688.txt_6_0" target="142421.txt_5_0"/>
    <edge id="8262.txt_1_3-446030.txt_1_1" source="446030.txt_1_1" target="8262.txt_1_3"/>
    <edge id="142421.txt_5_0-340247.txt_1_0" source="340247.txt_1_0" target="142421.txt_5_0"/>
    <edge id="522262.txt_4_0-149639.txt_5_0" source="149639.txt_5_0" target="522262.txt_4_0"/>
    <edge id="313632.txt_2_1-212549.txt_1_1" source="212549.txt_1_1" target="313632.txt_2_1"/>
    <edge id="522262.txt_4_0-212549.txt_1_1" source="212549.txt_1_1" target="522262.txt_4_0"/>
    <edge id="330688.txt_6_1-401238.txt_2_1" source="401238.txt_2_1" target="330688.txt_6_1"/>
    <edge id="8262.txt_1_3-340247.txt_1_0" source="340247.txt_1_0" target="8262.txt_1_3"/>
    <edge id="8262.txt_1_3-330688.txt_6_1" source="330688.txt_6_1" target="8262.txt_1_3"/>
    <edge id="522262.txt_4_0-313632.txt_2_1" source="313632.txt_2_1" target="522262.txt_4_0"/>
    <edge id="8262.txt_1_3-446030.txt_2_1" source="446030.txt_2_1" target="8262.txt_1_3"/>
    <edge id="212549.txt_1_0-340247.txt_1_0" source="340247.txt_1_0" target="212549.txt_1_0"/>
    <edge id="522262.txt_4_0-340247.txt_1_1" source="340247.txt_1_1" target="522262.txt_4_0"/>
    <edge id="446030.txt_1_1-446030.txt_1_0" source="446030.txt_1_0" target="446030.txt_1_1"/>
    <edge id="522262.txt_4_0-387881.txt_2_0" source="387881.txt_2_0" target="522262.txt_4_0"/>
    <edge id="387881.txt_2_1-330688.txt_6_0" source="330688.txt_6_0" target="387881.txt_2_1"/>
    <edge id="8262.txt_1_3-455758.txt_1_0" source="455758.txt_1_0" target="8262.txt_1_3"/>
    <edge id="8262.txt_1_3-446030.txt_1_0" source="446030.txt_1_0" target="8262.txt_1_3"/>
    <edge id="455758.txt_1_1-330688.txt_6_0" source="330688.txt_6_0" target="455758.txt_1_1"/>
    <edge id="387881.txt_2_1-313632.txt_2_1" source="313632.txt_2_1" target="387881.txt_2_1"/>
    <edge id="142421.txt_5_0-8262.txt_1_1" source="8262.txt_1_1" target="142421.txt_5_0"/>
    <edge id="8262.txt_1_3-522262.txt_3_0" source="522262.txt_3_0" target="8262.txt_1_3"/>
    <edge id="330688.txt_6_1-387881.txt_2_0" source="387881.txt_2_0" target="330688.txt_6_1"/>
    <edge id="387881.txt_2_1-522262.txt_4_0" source="522262.txt_4_0" target="387881.txt_2_1"/>
    <edge id="387881.txt_2_1-455758.txt_1_1" source="455758.txt_1_1" target="387881.txt_2_1"/>
    <edge id="142421.txt_5_0-446030.txt_1_1" source="446030.txt_1_1" target="142421.txt_5_0"/>
    <edge id="446030.txt_2_1-446030.txt_2_0" source="446030.txt_2_0" target="446030.txt_2_1"/>
    <edge id="313632.txt_2_1-522262.txt_4_0" source="522262.txt_4_0" target="313632.txt_2_1"/>
    <edge id="522262.txt_4_0-330688.txt_6_1" source="330688.txt_6_1" target="522262.txt_4_0"/>
    <edge id="401238.txt_2_1-401238.txt_2_0" source="401238.txt_2_0" target="401238.txt_2_1"/>
    <edge id="522262.txt_3_0-446030.txt_2_1" source="446030.txt_2_1" target="522262.txt_3_0"/>
    <edge id="313632.txt_2_1-149639.txt_5_0" source="149639.txt_5_0" target="313632.txt_2_1"/>
    <edge id="142421.txt_5_0-142421.txt_1_0" source="142421.txt_1_0" target="142421.txt_5_0"/>
    <edge id="330688.txt_6_1-209734.txt_1_0" source="209734.txt_1_0" target="330688.txt_6_1"/>
    <edge id="313632.txt_2_0-446030.txt_1_0" source="446030.txt_1_0" target="313632.txt_2_0"/>
    <edge id="8262.txt_1_3-212549.txt_1_0" source="212549.txt_1_0" target="8262.txt_1_3"/>
    <edge id="142421.txt_5_0-330688.txt_6_1" source="330688.txt_6_1" target="142421.txt_5_0"/>
    <edge id="330688.txt_6_1-387881.txt_2_1" source="387881.txt_2_1" target="330688.txt_6_1"/>
    <edge id="455758.txt_1_1-149639.txt_5_0" source="149639.txt_5_0" target="455758.txt_1_1"/>
    <edge id="401238.txt_2_1-8262.txt_1_1" source="8262.txt_1_1" target="401238.txt_2_1"/>
    <edge id="455758.txt_1_1-8262.txt_1_0" source="8262.txt_1_0" target="455758.txt_1_1"/>
    <edge id="387881.txt_2_1-340247.txt_1_1" source="340247.txt_1_1" target="387881.txt_2_1"/>
    <edge id="340247.txt_1_1-340247.txt_1_0" source="340247.txt_1_0" target="340247.txt_1_1"/>
    <edge id="330688.txt_6_1-8262.txt_1_1" source="8262.txt_1_1" target="330688.txt_6_1"/>
    <edge id="313632.txt_2_1-455758.txt_1_1" source="455758.txt_1_1" target="313632.txt_2_1"/>
    <edge id="387881.txt_2_1-212549.txt_1_0" source="212549.txt_1_0" target="387881.txt_2_1"/>
    <edge id="8262.txt_1_3-446030.txt_2_0" source="446030.txt_2_0" target="8262.txt_1_3"/>
    <edge id="522262.txt_4_0-209734.txt_1_0" source="209734.txt_1_0" target="522262.txt_4_0"/>
    <edge id="455758.txt_1_0-142421.txt_1_0" source="142421.txt_1_0" target="455758.txt_1_0"/>
    <edge id="522262.txt_4_0-8262.txt_1_0" source="8262.txt_1_0" target="522262.txt_4_0"/>
    <edge id="209734.txt_1_0-340247.txt_1_1" source="340247.txt_1_1" target="209734.txt_1_0"/>
    <edge id="446030.txt_1_1-340247.txt_1_1" source="340247.txt_1_1" target="446030.txt_1_1"/>
    <edge id="455758.txt_1_1-209734.txt_1_0" source="209734.txt_1_0" target="455758.txt_1_1"/>
    <edge id="446030.txt_1_1-149639.txt_5_0" source="149639.txt_5_0" target="446030.txt_1_1"/>
    <edge id="446030.txt_1_1-212549.txt_1_1" source="212549.txt_1_1" target="446030.txt_1_1"/>
    <edge id="313632.txt_2_1-446030.txt_1_0" source="446030.txt_1_0" target="313632.txt_2_1"/>
    <edge id="446030.txt_1_1-142421.txt_5_0" source="142421.txt_5_0" target="446030.txt_1_1"/>
    <edge id="446030.txt_1_0-212549.txt_1_0" source="212549.txt_1_0" target="446030.txt_1_0"/>
    <edge id="330688.txt_6_1-455758.txt_1_1" source="455758.txt_1_1" target="330688.txt_6_1"/>
    <edge id="330688.txt_7_1-330688.txt_7_0" source="330688.txt_7_0" target="330688.txt_7_1"/>
    <edge id="313632.txt_2_1-401238.txt_2_0" source="401238.txt_2_0" target="313632.txt_2_1"/>
    <edge id="387881.txt_2_1-142421.txt_5_0" source="142421.txt_5_0" target="387881.txt_2_1"/>
    <edge id="142421.txt_5_0-313632.txt_2_0" source="313632.txt_2_0" target="142421.txt_5_0"/>
    <edge id="8262.txt_1_3-330688.txt_7_0" source="330688.txt_7_0" target="8262.txt_1_3"/>
    <edge id="330688.txt_6_1-446030.txt_1_0" source="446030.txt_1_0" target="330688.txt_6_1"/>
    <edge id="522262.txt_4_0-142421.txt_5_0" source="142421.txt_5_0" target="522262.txt_4_0"/>
    <edge id="330688.txt_6_1-8262.txt_1_0" source="8262.txt_1_0" target="330688.txt_6_1"/>
    <edge id="330688.txt_6_1-212549.txt_1_0" source="212549.txt_1_0" target="330688.txt_6_1"/>
    <edge id="446030.txt_1_1-401238.txt_2_1" source="401238.txt_2_1" target="446030.txt_1_1"/>
    <edge id="387881.txt_2_1-340247.txt_1_0" source="340247.txt_1_0" target="387881.txt_2_1"/>
    <edge id="455758.txt_1_1-401238.txt_2_0" source="401238.txt_2_0" target="455758.txt_1_1"/>
    <edge id="446030.txt_1_1-8262.txt_1_1" source="8262.txt_1_1" target="446030.txt_1_1"/>
    <edge id="446030.txt_2_1-330688.txt_7_0" source="330688.txt_7_0" target="446030.txt_2_1"/>
    <edge id="522262.txt_4_0-401238.txt_2_0" source="401238.txt_2_0" target="522262.txt_4_0"/>
    <edge id="446030.txt_2_0-142421.txt_1_0" source="142421.txt_1_0" target="446030.txt_2_0"/>
    <edge id="522262.txt_3_0-142421.txt_1_0" source="142421.txt_1_0" target="522262.txt_3_0"/>
    <edge id="446030.txt_1_1-209734.txt_1_0" source="209734.txt_1_0" target="446030.txt_1_1"/>
    <edge id="142421.txt_5_0-313632.txt_2_1" source="313632.txt_2_1" target="142421.txt_5_0"/>
    <edge id="446030.txt_1_1-401238.txt_2_0" source="401238.txt_2_0" target="446030.txt_1_1"/>
    <edge id="313632.txt_2_1-340247.txt_1_0" source="340247.txt_1_0" target="313632.txt_2_1"/>
    <edge id="142421.txt_5_0-455758.txt_1_0" source="455758.txt_1_0" target="142421.txt_5_0"/>
    <edge id="522262.txt_3_0-330688.txt_7_0" source="330688.txt_7_0" target="522262.txt_3_0"/>
    <edge id="330688.txt_6_1-446030.txt_1_1" source="446030.txt_1_1" target="330688.txt_6_1"/>
    <edge id="522262.txt_4_0-142421.txt_1_0" source="142421.txt_1_0" target="522262.txt_4_0"/>
    <edge id="455758.txt_1_1-401238.txt_2_1" source="401238.txt_2_1" target="455758.txt_1_1"/>
    <edge id="522262.txt_4_0-446030.txt_1_0" source="446030.txt_1_0" target="522262.txt_4_0"/>
    <edge id="330688.txt_6_1-313632.txt_2_0" source="313632.txt_2_0" target="330688.txt_6_1"/>
    <edge id="455758.txt_1_1-142421.txt_1_0" source="142421.txt_1_0" target="455758.txt_1_1"/>
    <edge id="401238.txt_2_1-209734.txt_1_0" source="209734.txt_1_0" target="401238.txt_2_1"/>
    <edge id="313632.txt_2_0-340247.txt_1_0" source="340247.txt_1_0" target="313632.txt_2_0"/>
    <edge id="142421.txt_5_0-149639.txt_5_0" source="149639.txt_5_0" target="142421.txt_5_0"/>
    <edge id="313632.txt_2_1-401238.txt_2_1" source="401238.txt_2_1" target="313632.txt_2_1"/>
    <edge id="330688.txt_7_1-522262.txt_3_0" source="522262.txt_3_0" target="330688.txt_7_1"/>
    <edge id="330688.txt_6_1-455758.txt_1_0" source="455758.txt_1_0" target="330688.txt_6_1"/>
    <edge id="446030.txt_1_0-149639.txt_5_0" source="149639.txt_5_0" target="446030.txt_1_0"/>
    <edge id="401238.txt_2_1-142421.txt_1_0" source="142421.txt_1_0" target="401238.txt_2_1"/>
    <edge id="401238.txt_2_1-8262.txt_1_0" source="8262.txt_1_0" target="401238.txt_2_1"/>
    <edge id="330688.txt_7_1-446030.txt_2_1" source="446030.txt_2_1" target="330688.txt_7_1"/>
    <edge id="522262.txt_4_0-446030.txt_1_1" source="446030.txt_1_1" target="522262.txt_4_0"/>
    <edge id="8262.txt_1_2-8262.txt_1_0" source="8262.txt_1_0" target="8262.txt_1_2"/>
    <edge id="313632.txt_2_1-387881.txt_2_1" source="387881.txt_2_1" target="313632.txt_2_1"/>
    <edge id="455758.txt_1_1-212549.txt_1_0" source="212549.txt_1_0" target="455758.txt_1_1"/>
    <edge id="455758.txt_1_1-212549.txt_1_1" source="212549.txt_1_1" target="455758.txt_1_1"/>
    <edge id="212549.txt_1_1-340247.txt_1_0" source="340247.txt_1_0" target="212549.txt_1_1"/>
    <edge id="387881.txt_2_1-455758.txt_1_0" source="455758.txt_1_0" target="387881.txt_2_1"/>
    <edge id="313632.txt_2_1-142421.txt_1_0" source="142421.txt_1_0" target="313632.txt_2_1"/>
    <edge id="446030.txt_2_1-522262.txt_3_0" source="522262.txt_3_0" target="446030.txt_2_1"/>
    <edge id="340247.txt_1_1-209734.txt_1_0" source="209734.txt_1_0" target="340247.txt_1_1"/>
    <edge id="142421.txt_5_0-387881.txt_2_0" source="387881.txt_2_0" target="142421.txt_5_0"/>
    <edge id="455758.txt_1_0-330688.txt_6_0" source="330688.txt_6_0" target="455758.txt_1_0"/>
    <edge id="401238.txt_2_1-330688.txt_6_0" source="330688.txt_6_0" target="401238.txt_2_1"/>
    <edge id="8262.txt_1_3-330688.txt_7_1" source="330688.txt_7_1" target="8262.txt_1_3"/>
    <edge id="8262.txt_1_3-30786.txt_3_0" source="30786.txt_3_0" target="8262.txt_1_3"/>
    <edge id="401238.txt_2_1-387881.txt_2_1" source="387881.txt_2_1" target="401238.txt_2_1"/>
    <edge id="8262.txt_1_3-8262.txt_1_1" source="8262.txt_1_1" target="8262.txt_1_3"/>
    <edge id="142421.txt_5_0-212549.txt_1_1" source="212549.txt_1_1" target="142421.txt_5_0"/>
    <edge id="8262.txt_1_3-387881.txt_2_0" source="387881.txt_2_0" target="8262.txt_1_3"/>
    <edge id="142421.txt_5_0-387881.txt_2_1" source="387881.txt_2_1" target="142421.txt_5_0"/>
    <edge id="8262.txt_1_3-212549.txt_1_1" source="212549.txt_1_1" target="8262.txt_1_3"/>
    <edge id="401238.txt_2_1-313632.txt_2_1" source="313632.txt_2_1" target="401238.txt_2_1"/>
    <edge id="330688.txt_6_1-212549.txt_1_1" source="212549.txt_1_1" target="330688.txt_6_1"/>
    <edge id="8262.txt_1_3-330688.txt_6_0" source="330688.txt_6_0" target="8262.txt_1_3"/>
    <edge id="401238.txt_2_1-330688.txt_6_1" source="330688.txt_6_1" target="401238.txt_2_1"/>
    <edge id="209734.txt_1_0-212549.txt_1_0" source="212549.txt_1_0" target="209734.txt_1_0"/>
    <edge id="522262.txt_4_0-8262.txt_1_1" source="8262.txt_1_1" target="522262.txt_4_0"/>
    <edge id="313632.txt_2_1-446030.txt_1_1" source="446030.txt_1_1" target="313632.txt_2_1"/>
</F_entailment_graph>
