<?xml version="1.0" encoding="UTF-8" standalone="yes"?>
<F_entailment_graph nodeNum="4">
    <node id="429450.txt_1_0" modality="FALSE" explicit_context="429450.txt" implicit_context="" focus="dinner" implicit_focus="">
        <original_text>I was provided with a very mediocre vegetarian dinner</original_text>
        <correct_text></correct_text>
    </node>
    <node id="429450.txt_1_1" modality="FALSE" explicit_context="429450.txt" implicit_context="" focus="dinner" implicit_focus="">
        <original_text>I was provided with a very mediocre dinner</original_text>
        <correct_text></correct_text>
    </node>
    <node id="429450.txt_1_2" modality="FALSE" explicit_context="429450.txt" implicit_context="" focus="dinner" implicit_focus="">
        <original_text>I was provided with a mediocre vegetarian dinner</original_text>
        <correct_text></correct_text>
    </node>
    <node id="429450.txt_1_3" modality="FALSE" explicit_context="429450.txt" implicit_context="" focus="dinner" implicit_focus="">
        <original_text>I was provided with a mediocre dinner</original_text>
        <correct_text></correct_text>
    </node>
    <edge id="429450.txt_1_0-429450.txt_1_1" source="429450.txt_1_0" target="429450.txt_1_1"/>
    <edge id="429450.txt_1_0-429450.txt_1_2" source="429450.txt_1_0" target="429450.txt_1_2"/>
    <edge id="429450.txt_1_1-429450.txt_1_3" source="429450.txt_1_1" target="429450.txt_1_3"/>
    <edge id="429450.txt_1_2-429450.txt_1_3" source="429450.txt_1_2" target="429450.txt_1_3"/>
    <edge id="429450.txt_1_0-429450.txt_1_3" source="429450.txt_1_0" target="429450.txt_1_3"/>
</F_entailment_graph>
