<?xml version="1.0" encoding="UTF-8" standalone="yes"?>
<F_entailment_graph nodeNum="4">
    <node id="64004.txt_1_0" modality="TRUE" explicit_context="64004.txt" implicit_context="" focus="food" implicit_focus="">
        <original_text>you could make it much easier to order vegetarian food when booking first class</original_text>
        <correct_text></correct_text>
    </node>
    <node id="64004.txt_1_1" modality="TRUE" explicit_context="64004.txt" implicit_context="" focus="food" implicit_focus="">
        <original_text>you could make it easier to order vegetarian food when booking first class</original_text>
        <correct_text></correct_text>
    </node>
    <node id="64004.txt_1_2" modality="TRUE" explicit_context="64004.txt" implicit_context="" focus="food" implicit_focus="">
        <original_text>you could make it much easier to order vegetarian food when booking</original_text>
        <correct_text></correct_text>
    </node>
    <node id="64004.txt_1_3" modality="TRUE" explicit_context="64004.txt" implicit_context="" focus="food" implicit_focus="">
        <original_text>you could make it easier to order vegetarian food when booking</original_text>
        <correct_text></correct_text>
    </node>
    <edge id="64004.txt_1_0-64004.txt_1_1" source="64004.txt_1_0" target="64004.txt_1_1"/>
    <edge id="64004.txt_1_0-64004.txt_1_2" source="64004.txt_1_0" target="64004.txt_1_2"/>
    <edge id="64004.txt_1_1-64004.txt_1_3" source="64004.txt_1_1" target="64004.txt_1_3"/>
    <edge id="64004.txt_1_2-64004.txt_1_3" source="64004.txt_1_2" target="64004.txt_1_3"/>
    <edge id="64004.txt_1_0-64004.txt_1_3" source="64004.txt_1_0" target="64004.txt_1_3"/>
</F_entailment_graph>
