<?xml version="1.0" encoding="UTF-8" standalone="yes"?>
<F_entailment_graph nodeNum="43">
    <node id="57576.txt_1_0">
        <original_text>Food quality has declined over time</original_text>
        <correct_text></correct_text>
    </node>
    <node id="299017.txt_1_1">
        <original_text>food is less impressive than it used to be</original_text>
        <correct_text></correct_text>
    </node>
    <node id="16005.txt_1_0">
        <original_text>food offered is not as good as before</original_text>
        <correct_text></correct_text>
    </node>
    <node id="30786.txt_1_0">
        <original_text>Food is getting worse</original_text>
        <correct_text></correct_text>
    </node>
    <node id="513560.txt_1_3">
        <original_text>Food has got worse</original_text>
        <correct_text></correct_text>
    </node>
    <node id="453995.txt_1_1">
        <original_text>the quality of food has suffered</original_text>
        <correct_text></correct_text>
    </node>
    <node id="227487.txt_1_0">
        <original_text>I so dislike the standard magnum food service</original_text>
        <correct_text></correct_text>
    </node>
    <node id="106746.txt_4_0">
        <original_text>food is Standard Magnum is also very bad</original_text>
        <correct_text>food in Standard Magnum is also very bad</correct_text>
    </node>
    <node id="156303.txt_3_0">
        <original_text>food was very mediocre</original_text>
        <correct_text></correct_text>
    </node>
    <node id="106746.txt_4_5">
        <original_text>food is also bad</original_text>
        <correct_text></correct_text>
    </node>
    <node id="178057.txt_1_0">
        <original_text>food is very average</original_text>
        <correct_text></correct_text>
    </node>
    <node id="103691.txt_5_2">
        <original_text>The food offering is second rate</original_text>
        <correct_text></correct_text>
    </node>
    <node id="227487.txt_1_2">
        <original_text>I dislike the food service</original_text>
        <correct_text></correct_text>
    </node>
    <node id="30724.txt_1_1">
        <original_text>Meal needs to be improved</original_text>
        <correct_text></correct_text>
    </node>
    <node id="279847.txt_1_1">
        <original_text>Food mediocre</original_text>
        <correct_text></correct_text>
    </node>
    <node id="423204.txt_1_0">
        <original_text>Food is average</original_text>
        <correct_text></correct_text>
    </node>
    <node id="401238.txt_1_1">
        <original_text>The food is mediocre</original_text>
        <correct_text></correct_text>
    </node>
    <node id="451113.txt_1_1">
        <original_text>Meal is average</original_text>
        <correct_text></correct_text>
    </node>
    <node id="109435.txt_1_1">
        <original_text>Food was average</original_text>
        <correct_text></correct_text>
    </node>
    <node id="186628.txt_2_0">
        <original_text>food is average</original_text>
        <correct_text></correct_text>
    </node>
    <node id="178057.txt_1_1">
        <original_text>food is average</original_text>
        <correct_text></correct_text>
    </node>
    <node id="156303.txt_3_1">
        <original_text>food was mediocre</original_text>
        <correct_text></correct_text>
    </node>
    <node id="30724.txt_1_0">
        <original_text>Meal needs to be improved in Standard Magnum</original_text>
        <correct_text></correct_text>
    </node>
    <node id="227487.txt_1_1">
        <original_text>I dislike the standard magnum food service</original_text>
        <correct_text></correct_text>
    </node>
    <node id="142429.txt_1_0">
        <original_text>Have a better meal on standard magnum</original_text>
        <correct_text></correct_text>
    </node>
    <node id="106746.txt_4_1">
        <original_text>food is Standard Magnum is also bad</original_text>
        <correct_text>food in Standard Magnum is also bad</correct_text>
    </node>
    <node id="103691.txt_1_0">
        <original_text>In Standard Magnum go back to the type and quality of meals you offered until about a year ago</original_text>
        <correct_text></correct_text>
    </node>
    <node id="279847.txt_1_0">
        <original_text>Food still mediocre</original_text>
        <correct_text></correct_text>
    </node>
    <node id="103691.txt_1_3">
        <original_text>go back to the type and quality of meals you offered until about a year ago</original_text>
        <correct_text></correct_text>
    </node>
    <node id="103691.txt_5_0">
        <original_text>The new food offering is second rate</original_text>
        <correct_text></correct_text>
    </node>
    <node id="186709.txt_3_1">
        <original_text>not warmed up food</original_text>
        <correct_text></correct_text>
    </node>
    <node id="186709.txt_3_0">
        <original_text>not warmed up food in the dining car</original_text>
        <correct_text></correct_text>
    </node>
    <node id="106746.txt_4_3">
        <original_text>food is also very bad</original_text>
        <correct_text></correct_text>
    </node>
    <node id="240903.txt_1_0">
        <original_text>Hot food in premier</original_text>
        <correct_text></correct_text>
    </node>
    <node id="451113.txt_1_0">
        <original_text>Meal is average on standard magnum</original_text>
        <correct_text></correct_text>
    </node>
    <node id="513560.txt_1_0">
        <original_text>Food on premium eco has got worse over the years</original_text>
        <correct_text></correct_text>
    </node>
    <node id="513560.txt_1_1">
        <original_text>Food on premium eco has got worse</original_text>
        <correct_text></correct_text>
    </node>
    <node id="513560.txt_1_2">
        <original_text>Food has got worse over the years</original_text>
        <correct_text></correct_text>
    </node>
    <node id="299017.txt_1_0">
        <original_text>food is so much less impressive than it used to be</original_text>
        <correct_text></correct_text>
    </node>
    <node id="127257.txt_5_0">
        <original_text>meals in Standard Magnum much below standard of Leisure Select</original_text>
        <correct_text></correct_text>
    </node>
    <node id="453995.txt_1_0">
        <original_text>the quality of food has suffered since leisure select became standard magnum</original_text>
        <correct_text></correct_text>
    </node>
    <node id="109435.txt_1_0">
        <original_text>Food was a bit average</original_text>
        <correct_text></correct_text>
    </node>
    <node id="401238.txt_1_0">
        <original_text>The kiosk food is mediocre</original_text>
        <correct_text></correct_text>
    </node>
    <edge id="279847.txt_1_1-513560.txt_1_0" source="513560.txt_1_0" target="279847.txt_1_1"/>
    <edge id="186628.txt_2_0-127257.txt_5_0" source="127257.txt_5_0" target="186628.txt_2_0"/>
    <edge id="178057.txt_1_1-127257.txt_5_0" source="127257.txt_5_0" target="178057.txt_1_1"/>
    <edge id="513560.txt_1_3-127257.txt_5_0" source="127257.txt_5_0" target="513560.txt_1_3"/>
    <edge id="30724.txt_1_1-106746.txt_4_0" source="106746.txt_4_0" target="30724.txt_1_1"/>
    <edge id="513560.txt_1_3-103691.txt_1_0" source="103691.txt_1_0" target="513560.txt_1_3"/>
    <edge id="103691.txt_5_2-30786.txt_1_0" source="30786.txt_1_0" target="103691.txt_5_2"/>
    <edge id="513560.txt_1_3-453995.txt_1_1" source="453995.txt_1_1" target="513560.txt_1_3"/>
    <edge id="227487.txt_1_2-299017.txt_1_0" source="299017.txt_1_0" target="227487.txt_1_2"/>
    <edge id="156303.txt_3_1-103691.txt_5_2" source="103691.txt_5_2" target="156303.txt_3_1"/>
    <edge id="451113.txt_1_1-30786.txt_1_0" source="30786.txt_1_0" target="451113.txt_1_1"/>
    <edge id="103691.txt_5_2-106746.txt_4_0" source="106746.txt_4_0" target="103691.txt_5_2"/>
    <edge id="16005.txt_1_0-299017.txt_1_1" source="299017.txt_1_1" target="16005.txt_1_0"/>
    <edge id="423204.txt_1_0-279847.txt_1_1" source="279847.txt_1_1" target="423204.txt_1_0"/>
    <edge id="106746.txt_4_5-103691.txt_5_2" source="103691.txt_5_2" target="106746.txt_4_5"/>
    <edge id="227487.txt_1_1-142429.txt_1_0" source="142429.txt_1_0" target="227487.txt_1_1"/>
    <edge id="30724.txt_1_1-106746.txt_4_1" source="106746.txt_4_1" target="30724.txt_1_1"/>
    <edge id="57576.txt_1_0-103691.txt_1_3" source="103691.txt_1_3" target="57576.txt_1_0"/>
    <edge id="401238.txt_1_1-103691.txt_1_0" source="103691.txt_1_0" target="401238.txt_1_1"/>
    <edge id="279847.txt_1_1-103691.txt_5_0" source="103691.txt_5_0" target="279847.txt_1_1"/>
    <edge id="106746.txt_4_5-227487.txt_1_2" source="227487.txt_1_2" target="106746.txt_4_5"/>
    <edge id="156303.txt_3_0-513560.txt_1_0" source="513560.txt_1_0" target="156303.txt_3_0"/>
    <edge id="142429.txt_1_0-103691.txt_1_0" source="103691.txt_1_0" target="142429.txt_1_0"/>
    <edge id="106746.txt_4_5-127257.txt_5_0" source="127257.txt_5_0" target="106746.txt_4_5"/>
    <edge id="178057.txt_1_0-156303.txt_3_0" source="156303.txt_3_0" target="178057.txt_1_0"/>
    <edge id="423204.txt_1_0-103691.txt_5_0" source="103691.txt_5_0" target="423204.txt_1_0"/>
    <edge id="156303.txt_3_0-513560.txt_1_2" source="513560.txt_1_2" target="156303.txt_3_0"/>
    <edge id="513560.txt_1_3-453995.txt_1_0" source="453995.txt_1_0" target="513560.txt_1_3"/>
    <edge id="299017.txt_1_1-453995.txt_1_1" source="453995.txt_1_1" target="299017.txt_1_1"/>
    <edge id="299017.txt_1_1-513560.txt_1_2" source="513560.txt_1_2" target="299017.txt_1_1"/>
    <edge id="401238.txt_1_1-103691.txt_5_0" source="103691.txt_5_0" target="401238.txt_1_1"/>
    <edge id="186628.txt_2_0-30786.txt_1_0" source="30786.txt_1_0" target="186628.txt_2_0"/>
    <edge id="178057.txt_1_1-30786.txt_1_0" source="30786.txt_1_0" target="178057.txt_1_1"/>
    <edge id="186628.txt_2_0-279847.txt_1_0" source="279847.txt_1_0" target="186628.txt_2_0"/>
    <edge id="178057.txt_1_1-279847.txt_1_0" source="279847.txt_1_0" target="178057.txt_1_1"/>
    <edge id="299017.txt_1_1-16005.txt_1_0" source="16005.txt_1_0" target="299017.txt_1_1"/>
    <edge id="423204.txt_1_0-186628.txt_2_0" source="186628.txt_2_0" target="423204.txt_1_0"/>
    <edge id="423204.txt_1_0-178057.txt_1_1" source="178057.txt_1_1" target="423204.txt_1_0"/>
    <edge id="299017.txt_1_1-453995.txt_1_0" source="453995.txt_1_0" target="299017.txt_1_1"/>
    <edge id="401238.txt_1_1-30724.txt_1_0" source="30724.txt_1_0" target="401238.txt_1_1"/>
    <edge id="513560.txt_1_3-513560.txt_1_2" source="513560.txt_1_2" target="513560.txt_1_3"/>
    <edge id="227487.txt_1_1-106746.txt_4_0" source="106746.txt_4_0" target="227487.txt_1_1"/>
    <edge id="156303.txt_3_1-106746.txt_4_3" source="106746.txt_4_3" target="156303.txt_3_1"/>
    <edge id="423204.txt_1_0-16005.txt_1_0" source="16005.txt_1_0" target="423204.txt_1_0"/>
    <edge id="30724.txt_1_1-156303.txt_3_0" source="156303.txt_3_0" target="30724.txt_1_1"/>
    <edge id="109435.txt_1_1-16005.txt_1_0" source="16005.txt_1_0" target="109435.txt_1_1"/>
    <edge id="186628.txt_2_0-401238.txt_1_1" source="401238.txt_1_1" target="186628.txt_2_0"/>
    <edge id="178057.txt_1_1-401238.txt_1_1" source="401238.txt_1_1" target="178057.txt_1_1"/>
    <edge id="453995.txt_1_1-299017.txt_1_1" source="299017.txt_1_1" target="453995.txt_1_1"/>
    <edge id="451113.txt_1_1-30724.txt_1_1" source="30724.txt_1_1" target="451113.txt_1_1"/>
    <edge id="30724.txt_1_0-227487.txt_1_0" source="227487.txt_1_0" target="30724.txt_1_0"/>
    <edge id="423204.txt_1_0-451113.txt_1_1" source="451113.txt_1_1" target="423204.txt_1_0"/>
    <edge id="423204.txt_1_0-106746.txt_4_0" source="106746.txt_4_0" target="423204.txt_1_0"/>
    <edge id="156303.txt_3_1-227487.txt_1_2" source="227487.txt_1_2" target="156303.txt_3_1"/>
    <edge id="513560.txt_1_3-513560.txt_1_1" source="513560.txt_1_1" target="513560.txt_1_3"/>
    <edge id="109435.txt_1_1-103691.txt_5_2" source="103691.txt_5_2" target="109435.txt_1_1"/>
    <edge id="156303.txt_3_0-127257.txt_5_0" source="127257.txt_5_0" target="156303.txt_3_0"/>
    <edge id="30724.txt_1_1-16005.txt_1_0" source="16005.txt_1_0" target="30724.txt_1_1"/>
    <edge id="279847.txt_1_1-106746.txt_4_5" source="106746.txt_4_5" target="279847.txt_1_1"/>
    <edge id="401238.txt_1_1-513560.txt_1_1" source="513560.txt_1_1" target="401238.txt_1_1"/>
    <edge id="109435.txt_1_1-451113.txt_1_1" source="451113.txt_1_1" target="109435.txt_1_1"/>
    <edge id="30724.txt_1_1-299017.txt_1_0" source="299017.txt_1_0" target="30724.txt_1_1"/>
    <edge id="186628.txt_2_0-57576.txt_1_0" source="57576.txt_1_0" target="186628.txt_2_0"/>
    <edge id="178057.txt_1_1-57576.txt_1_0" source="57576.txt_1_0" target="178057.txt_1_1"/>
    <edge id="16005.txt_1_0-30786.txt_1_0" source="30786.txt_1_0" target="16005.txt_1_0"/>
    <edge id="401238.txt_1_1-156303.txt_3_0" source="156303.txt_3_0" target="401238.txt_1_1"/>
    <edge id="227487.txt_1_2-513560.txt_1_0" source="513560.txt_1_0" target="227487.txt_1_2"/>
    <edge id="451113.txt_1_1-279847.txt_1_0" source="279847.txt_1_0" target="451113.txt_1_1"/>
    <edge id="401238.txt_1_1-453995.txt_1_0" source="453995.txt_1_0" target="401238.txt_1_1"/>
    <edge id="513560.txt_1_2-513560.txt_1_0" source="513560.txt_1_0" target="513560.txt_1_2"/>
    <edge id="156303.txt_3_0-30786.txt_1_0" source="30786.txt_1_0" target="156303.txt_3_0"/>
    <edge id="103691.txt_5_2-127257.txt_5_0" source="127257.txt_5_0" target="103691.txt_5_2"/>
    <edge id="178057.txt_1_0-106746.txt_4_0" source="106746.txt_4_0" target="178057.txt_1_0"/>
    <edge id="451113.txt_1_1-109435.txt_1_0" source="109435.txt_1_0" target="451113.txt_1_1"/>
    <edge id="30724.txt_1_1-142429.txt_1_0" source="142429.txt_1_0" target="30724.txt_1_1"/>
    <edge id="109435.txt_1_1-186628.txt_2_0" source="186628.txt_2_0" target="109435.txt_1_1"/>
    <edge id="109435.txt_1_1-178057.txt_1_1" source="178057.txt_1_1" target="109435.txt_1_1"/>
    <edge id="109435.txt_1_1-513560.txt_1_3" source="513560.txt_1_3" target="109435.txt_1_1"/>
    <edge id="401238.txt_1_1-142429.txt_1_0" source="142429.txt_1_0" target="401238.txt_1_1"/>
    <edge id="156303.txt_3_1-453995.txt_1_0" source="453995.txt_1_0" target="156303.txt_3_1"/>
    <edge id="423204.txt_1_0-513560.txt_1_2" source="513560.txt_1_2" target="423204.txt_1_0"/>
    <edge id="178057.txt_1_0-227487.txt_1_0" source="227487.txt_1_0" target="178057.txt_1_0"/>
    <edge id="227487.txt_1_2-127257.txt_5_0" source="127257.txt_5_0" target="227487.txt_1_2"/>
    <edge id="453995.txt_1_1-127257.txt_5_0" source="127257.txt_5_0" target="453995.txt_1_1"/>
    <edge id="227487.txt_1_2-103691.txt_5_2" source="103691.txt_5_2" target="227487.txt_1_2"/>
    <edge id="109435.txt_1_1-103691.txt_1_0" source="103691.txt_1_0" target="109435.txt_1_1"/>
    <edge id="227487.txt_1_2-513560.txt_1_1" source="513560.txt_1_1" target="227487.txt_1_2"/>
    <edge id="103691.txt_5_2-227487.txt_1_0" source="227487.txt_1_0" target="103691.txt_5_2"/>
    <edge id="423204.txt_1_0-453995.txt_1_1" source="453995.txt_1_1" target="423204.txt_1_0"/>
    <edge id="227487.txt_1_2-106746.txt_4_1" source="106746.txt_4_1" target="227487.txt_1_2"/>
    <edge id="186628.txt_2_0-109435.txt_1_1" source="109435.txt_1_1" target="186628.txt_2_0"/>
    <edge id="178057.txt_1_1-109435.txt_1_1" source="109435.txt_1_1" target="178057.txt_1_1"/>
    <edge id="227487.txt_1_1-227487.txt_1_0" source="227487.txt_1_0" target="227487.txt_1_1"/>
    <edge id="186628.txt_2_0-513560.txt_1_0" source="513560.txt_1_0" target="186628.txt_2_0"/>
    <edge id="178057.txt_1_1-513560.txt_1_0" source="513560.txt_1_0" target="178057.txt_1_1"/>
    <edge id="178057.txt_1_0-299017.txt_1_0" source="299017.txt_1_0" target="178057.txt_1_0"/>
    <edge id="156303.txt_3_1-109435.txt_1_0" source="109435.txt_1_0" target="156303.txt_3_1"/>
    <edge id="186709.txt_3_1-240903.txt_1_0" source="240903.txt_1_0" target="186709.txt_3_1"/>
    <edge id="186628.txt_2_0-227487.txt_1_0" source="227487.txt_1_0" target="186628.txt_2_0"/>
    <edge id="178057.txt_1_1-227487.txt_1_0" source="227487.txt_1_0" target="178057.txt_1_1"/>
    <edge id="30786.txt_1_0-57576.txt_1_0" source="57576.txt_1_0" target="30786.txt_1_0"/>
    <edge id="186628.txt_2_0-16005.txt_1_0" source="16005.txt_1_0" target="186628.txt_2_0"/>
    <edge id="178057.txt_1_1-16005.txt_1_0" source="16005.txt_1_0" target="178057.txt_1_1"/>
    <edge id="186628.txt_2_0-103691.txt_1_0" source="103691.txt_1_0" target="186628.txt_2_0"/>
    <edge id="178057.txt_1_1-103691.txt_1_0" source="103691.txt_1_0" target="178057.txt_1_1"/>
    <edge id="453995.txt_1_1-57576.txt_1_0" source="57576.txt_1_0" target="453995.txt_1_1"/>
    <edge id="103691.txt_5_2-227487.txt_1_2" source="227487.txt_1_2" target="103691.txt_5_2"/>
    <edge id="178057.txt_1_0-453995.txt_1_0" source="453995.txt_1_0" target="178057.txt_1_0"/>
    <edge id="106746.txt_4_5-103691.txt_1_0" source="103691.txt_1_0" target="106746.txt_4_5"/>
    <edge id="109435.txt_1_1-453995.txt_1_0" source="453995.txt_1_0" target="109435.txt_1_1"/>
    <edge id="16005.txt_1_0-453995.txt_1_0" source="453995.txt_1_0" target="16005.txt_1_0"/>
    <edge id="103691.txt_5_0-127257.txt_5_0" source="127257.txt_5_0" target="103691.txt_5_0"/>
    <edge id="423204.txt_1_0-103691.txt_1_3" source="103691.txt_1_3" target="423204.txt_1_0"/>
    <edge id="186628.txt_2_0-453995.txt_1_1" source="453995.txt_1_1" target="186628.txt_2_0"/>
    <edge id="178057.txt_1_1-453995.txt_1_1" source="453995.txt_1_1" target="178057.txt_1_1"/>
    <edge id="186628.txt_2_0-279847.txt_1_1" source="279847.txt_1_1" target="186628.txt_2_0"/>
    <edge id="178057.txt_1_1-279847.txt_1_1" source="279847.txt_1_1" target="178057.txt_1_1"/>
    <edge id="279847.txt_1_1-227487.txt_1_2" source="227487.txt_1_2" target="279847.txt_1_1"/>
    <edge id="103691.txt_5_2-299017.txt_1_1" source="299017.txt_1_1" target="103691.txt_5_2"/>
    <edge id="451113.txt_1_1-453995.txt_1_1" source="453995.txt_1_1" target="451113.txt_1_1"/>
    <edge id="451113.txt_1_1-106746.txt_4_3" source="106746.txt_4_3" target="451113.txt_1_1"/>
    <edge id="109435.txt_1_1-103691.txt_5_0" source="103691.txt_5_0" target="109435.txt_1_1"/>
    <edge id="401238.txt_1_1-453995.txt_1_1" source="453995.txt_1_1" target="401238.txt_1_1"/>
    <edge id="30724.txt_1_0-106746.txt_4_1" source="106746.txt_4_1" target="30724.txt_1_0"/>
    <edge id="30724.txt_1_1-513560.txt_1_1" source="513560.txt_1_1" target="30724.txt_1_1"/>
    <edge id="30724.txt_1_1-453995.txt_1_1" source="453995.txt_1_1" target="30724.txt_1_1"/>
    <edge id="30724.txt_1_0-453995.txt_1_0" source="453995.txt_1_0" target="30724.txt_1_0"/>
    <edge id="103691.txt_5_2-513560.txt_1_1" source="513560.txt_1_1" target="103691.txt_5_2"/>
    <edge id="279847.txt_1_1-227487.txt_1_0" source="227487.txt_1_0" target="279847.txt_1_1"/>
    <edge id="279847.txt_1_1-423204.txt_1_0" source="423204.txt_1_0" target="279847.txt_1_1"/>
    <edge id="423204.txt_1_0-30786.txt_1_0" source="30786.txt_1_0" target="423204.txt_1_0"/>
    <edge id="30724.txt_1_1-178057.txt_1_0" source="178057.txt_1_0" target="30724.txt_1_1"/>
    <edge id="423204.txt_1_0-156303.txt_3_0" source="156303.txt_3_0" target="423204.txt_1_0"/>
    <edge id="401238.txt_1_1-186628.txt_2_0" source="186628.txt_2_0" target="401238.txt_1_1"/>
    <edge id="401238.txt_1_1-178057.txt_1_1" source="178057.txt_1_1" target="401238.txt_1_1"/>
    <edge id="186628.txt_2_0-109435.txt_1_0" source="109435.txt_1_0" target="186628.txt_2_0"/>
    <edge id="178057.txt_1_1-109435.txt_1_0" source="109435.txt_1_0" target="178057.txt_1_1"/>
    <edge id="423204.txt_1_0-299017.txt_1_1" source="299017.txt_1_1" target="423204.txt_1_0"/>
    <edge id="401238.txt_1_1-57576.txt_1_0" source="57576.txt_1_0" target="401238.txt_1_1"/>
    <edge id="106746.txt_4_5-16005.txt_1_0" source="16005.txt_1_0" target="106746.txt_4_5"/>
    <edge id="30724.txt_1_0-227487.txt_1_1" source="227487.txt_1_1" target="30724.txt_1_0"/>
    <edge id="109435.txt_1_1-279847.txt_1_1" source="279847.txt_1_1" target="109435.txt_1_1"/>
    <edge id="279847.txt_1_1-156303.txt_3_1" source="156303.txt_3_1" target="279847.txt_1_1"/>
    <edge id="513560.txt_1_2-103691.txt_1_3" source="103691.txt_1_3" target="513560.txt_1_2"/>
    <edge id="451113.txt_1_1-401238.txt_1_0" source="401238.txt_1_0" target="451113.txt_1_1"/>
    <edge id="186628.txt_2_0-513560.txt_1_2" source="513560.txt_1_2" target="186628.txt_2_0"/>
    <edge id="178057.txt_1_1-513560.txt_1_2" source="513560.txt_1_2" target="178057.txt_1_1"/>
    <edge id="156303.txt_3_0-103691.txt_5_0" source="103691.txt_5_0" target="156303.txt_3_0"/>
    <edge id="156303.txt_3_1-423204.txt_1_0" source="423204.txt_1_0" target="156303.txt_3_1"/>
    <edge id="451113.txt_1_1-127257.txt_5_0" source="127257.txt_5_0" target="451113.txt_1_1"/>
    <edge id="186628.txt_2_0-513560.txt_1_1" source="513560.txt_1_1" target="186628.txt_2_0"/>
    <edge id="178057.txt_1_1-513560.txt_1_1" source="513560.txt_1_1" target="178057.txt_1_1"/>
    <edge id="451113.txt_1_1-513560.txt_1_1" source="513560.txt_1_1" target="451113.txt_1_1"/>
    <edge id="451113.txt_1_1-186628.txt_2_0" source="186628.txt_2_0" target="451113.txt_1_1"/>
    <edge id="451113.txt_1_1-178057.txt_1_1" source="178057.txt_1_1" target="451113.txt_1_1"/>
    <edge id="178057.txt_1_0-513560.txt_1_2" source="513560.txt_1_2" target="178057.txt_1_0"/>
    <edge id="106746.txt_4_5-513560.txt_1_3" source="513560.txt_1_3" target="106746.txt_4_5"/>
    <edge id="178057.txt_1_0-513560.txt_1_0" source="513560.txt_1_0" target="178057.txt_1_0"/>
    <edge id="156303.txt_3_1-453995.txt_1_1" source="453995.txt_1_1" target="156303.txt_3_1"/>
    <edge id="106746.txt_4_5-227487.txt_1_1" source="227487.txt_1_1" target="106746.txt_4_5"/>
    <edge id="451113.txt_1_1-178057.txt_1_0" source="178057.txt_1_0" target="451113.txt_1_1"/>
    <edge id="156303.txt_3_0-57576.txt_1_0" source="57576.txt_1_0" target="156303.txt_3_0"/>
    <edge id="109435.txt_1_1-30786.txt_1_0" source="30786.txt_1_0" target="109435.txt_1_1"/>
    <edge id="178057.txt_1_0-103691.txt_1_3" source="103691.txt_1_3" target="178057.txt_1_0"/>
    <edge id="178057.txt_1_0-103691.txt_1_0" source="103691.txt_1_0" target="178057.txt_1_0"/>
    <edge id="106746.txt_4_1-142429.txt_1_0" source="142429.txt_1_0" target="106746.txt_4_1"/>
    <edge id="451113.txt_1_1-227487.txt_1_0" source="227487.txt_1_0" target="451113.txt_1_1"/>
    <edge id="106746.txt_4_5-57576.txt_1_0" source="57576.txt_1_0" target="106746.txt_4_5"/>
    <edge id="451113.txt_1_0-227487.txt_1_0" source="227487.txt_1_0" target="451113.txt_1_0"/>
    <edge id="103691.txt_1_3-103691.txt_1_0" source="103691.txt_1_0" target="103691.txt_1_3"/>
    <edge id="106746.txt_4_1-103691.txt_1_0" source="103691.txt_1_0" target="106746.txt_4_1"/>
    <edge id="156303.txt_3_0-30724.txt_1_0" source="30724.txt_1_0" target="156303.txt_3_0"/>
    <edge id="156303.txt_3_1-30724.txt_1_0" source="30724.txt_1_0" target="156303.txt_3_1"/>
    <edge id="109435.txt_1_1-513560.txt_1_1" source="513560.txt_1_1" target="109435.txt_1_1"/>
    <edge id="109435.txt_1_1-227487.txt_1_2" source="227487.txt_1_2" target="109435.txt_1_1"/>
    <edge id="103691.txt_5_2-106746.txt_4_3" source="106746.txt_4_3" target="103691.txt_5_2"/>
    <edge id="103691.txt_5_2-106746.txt_4_5" source="106746.txt_4_5" target="103691.txt_5_2"/>
    <edge id="451113.txt_1_0-103691.txt_1_0" source="103691.txt_1_0" target="451113.txt_1_0"/>
    <edge id="30724.txt_1_1-106746.txt_4_5" source="106746.txt_4_5" target="30724.txt_1_1"/>
    <edge id="423204.txt_1_0-227487.txt_1_2" source="227487.txt_1_2" target="423204.txt_1_0"/>
    <edge id="30724.txt_1_1-227487.txt_1_0" source="227487.txt_1_0" target="30724.txt_1_1"/>
    <edge id="178057.txt_1_0-57576.txt_1_0" source="57576.txt_1_0" target="178057.txt_1_0"/>
    <edge id="178057.txt_1_0-127257.txt_5_0" source="127257.txt_5_0" target="178057.txt_1_0"/>
    <edge id="423204.txt_1_0-401238.txt_1_1" source="401238.txt_1_1" target="423204.txt_1_0"/>
    <edge id="103691.txt_5_2-142429.txt_1_0" source="142429.txt_1_0" target="103691.txt_5_2"/>
    <edge id="513560.txt_1_3-57576.txt_1_0" source="57576.txt_1_0" target="513560.txt_1_3"/>
    <edge id="109435.txt_1_1-423204.txt_1_0" source="423204.txt_1_0" target="109435.txt_1_1"/>
    <edge id="186628.txt_2_0-453995.txt_1_0" source="453995.txt_1_0" target="186628.txt_2_0"/>
    <edge id="178057.txt_1_1-453995.txt_1_0" source="453995.txt_1_0" target="178057.txt_1_1"/>
    <edge id="30724.txt_1_1-227487.txt_1_1" source="227487.txt_1_1" target="30724.txt_1_1"/>
    <edge id="57576.txt_1_0-127257.txt_5_0" source="127257.txt_5_0" target="57576.txt_1_0"/>
    <edge id="186628.txt_2_0-227487.txt_1_1" source="227487.txt_1_1" target="186628.txt_2_0"/>
    <edge id="178057.txt_1_1-227487.txt_1_1" source="227487.txt_1_1" target="178057.txt_1_1"/>
    <edge id="103691.txt_5_2-16005.txt_1_0" source="16005.txt_1_0" target="103691.txt_5_2"/>
    <edge id="16005.txt_1_0-513560.txt_1_0" source="513560.txt_1_0" target="16005.txt_1_0"/>
    <edge id="106746.txt_4_5-227487.txt_1_0" source="227487.txt_1_0" target="106746.txt_4_5"/>
    <edge id="103691.txt_5_2-103691.txt_1_3" source="103691.txt_1_3" target="103691.txt_5_2"/>
    <edge id="423204.txt_1_0-513560.txt_1_0" source="513560.txt_1_0" target="423204.txt_1_0"/>
    <edge id="156303.txt_3_1-103691.txt_1_0" source="103691.txt_1_0" target="156303.txt_3_1"/>
    <edge id="401238.txt_1_1-513560.txt_1_2" source="513560.txt_1_2" target="401238.txt_1_1"/>
    <edge id="103691.txt_5_2-513560.txt_1_2" source="513560.txt_1_2" target="103691.txt_5_2"/>
    <edge id="30786.txt_1_0-299017.txt_1_1" source="299017.txt_1_1" target="30786.txt_1_0"/>
    <edge id="227487.txt_1_0-127257.txt_5_0" source="127257.txt_5_0" target="227487.txt_1_0"/>
    <edge id="279847.txt_1_1-513560.txt_1_1" source="513560.txt_1_1" target="279847.txt_1_1"/>
    <edge id="451113.txt_1_1-513560.txt_1_3" source="513560.txt_1_3" target="451113.txt_1_1"/>
    <edge id="103691.txt_5_2-513560.txt_1_0" source="513560.txt_1_0" target="103691.txt_5_2"/>
    <edge id="513560.txt_1_3-299017.txt_1_1" source="299017.txt_1_1" target="513560.txt_1_3"/>
    <edge id="109435.txt_1_1-106746.txt_4_3" source="106746.txt_4_3" target="109435.txt_1_1"/>
    <edge id="106746.txt_4_5-299017.txt_1_1" source="299017.txt_1_1" target="106746.txt_4_5"/>
    <edge id="401238.txt_1_1-30724.txt_1_1" source="30724.txt_1_1" target="401238.txt_1_1"/>
    <edge id="142429.txt_1_0-106746.txt_4_0" source="106746.txt_4_0" target="142429.txt_1_0"/>
    <edge id="227487.txt_1_2-156303.txt_3_0" source="156303.txt_3_0" target="227487.txt_1_2"/>
    <edge id="423204.txt_1_0-30724.txt_1_1" source="30724.txt_1_1" target="423204.txt_1_0"/>
    <edge id="30724.txt_1_1-30786.txt_1_0" source="30786.txt_1_0" target="30724.txt_1_1"/>
    <edge id="156303.txt_3_1-401238.txt_1_0" source="401238.txt_1_0" target="156303.txt_3_1"/>
    <edge id="156303.txt_3_1-513560.txt_1_1" source="513560.txt_1_1" target="156303.txt_3_1"/>
    <edge id="103691.txt_5_2-453995.txt_1_0" source="453995.txt_1_0" target="103691.txt_5_2"/>
    <edge id="227487.txt_1_1-453995.txt_1_0" source="453995.txt_1_0" target="227487.txt_1_1"/>
    <edge id="279847.txt_1_1-57576.txt_1_0" source="57576.txt_1_0" target="279847.txt_1_1"/>
    <edge id="279847.txt_1_1-109435.txt_1_0" source="109435.txt_1_0" target="279847.txt_1_1"/>
    <edge id="142429.txt_1_0-227487.txt_1_0" source="227487.txt_1_0" target="142429.txt_1_0"/>
    <edge id="103691.txt_5_0-299017.txt_1_0" source="299017.txt_1_0" target="103691.txt_5_0"/>
    <edge id="156303.txt_3_1-299017.txt_1_1" source="299017.txt_1_1" target="156303.txt_3_1"/>
    <edge id="156303.txt_3_0-16005.txt_1_0" source="16005.txt_1_0" target="156303.txt_3_0"/>
    <edge id="156303.txt_3_0-106746.txt_4_0" source="106746.txt_4_0" target="156303.txt_3_0"/>
    <edge id="57576.txt_1_0-453995.txt_1_1" source="453995.txt_1_1" target="57576.txt_1_0"/>
    <edge id="106746.txt_4_3-106746.txt_4_0" source="106746.txt_4_0" target="106746.txt_4_3"/>
    <edge id="30724.txt_1_1-30724.txt_1_0" source="30724.txt_1_0" target="30724.txt_1_1"/>
    <edge id="16005.txt_1_0-299017.txt_1_0" source="299017.txt_1_0" target="16005.txt_1_0"/>
    <edge id="16005.txt_1_0-513560.txt_1_1" source="513560.txt_1_1" target="16005.txt_1_0"/>
    <edge id="156303.txt_3_1-451113.txt_1_0" source="451113.txt_1_0" target="156303.txt_3_1"/>
    <edge id="30724.txt_1_0-127257.txt_5_0" source="127257.txt_5_0" target="30724.txt_1_0"/>
    <edge id="279847.txt_1_1-178057.txt_1_0" source="178057.txt_1_0" target="279847.txt_1_1"/>
    <edge id="451113.txt_1_0-227487.txt_1_1" source="227487.txt_1_1" target="451113.txt_1_0"/>
    <edge id="109435.txt_1_1-30724.txt_1_1" source="30724.txt_1_1" target="109435.txt_1_1"/>
    <edge id="178057.txt_1_0-106746.txt_4_1" source="106746.txt_4_1" target="178057.txt_1_0"/>
    <edge id="227487.txt_1_2-453995.txt_1_0" source="453995.txt_1_0" target="227487.txt_1_2"/>
    <edge id="156303.txt_3_1-57576.txt_1_0" source="57576.txt_1_0" target="156303.txt_3_1"/>
    <edge id="186628.txt_2_0-178057.txt_1_0" source="178057.txt_1_0" target="186628.txt_2_0"/>
    <edge id="178057.txt_1_1-178057.txt_1_0" source="178057.txt_1_0" target="178057.txt_1_1"/>
    <edge id="451113.txt_1_1-513560.txt_1_2" source="513560.txt_1_2" target="451113.txt_1_1"/>
    <edge id="227487.txt_1_2-106746.txt_4_0" source="106746.txt_4_0" target="227487.txt_1_2"/>
    <edge id="156303.txt_3_1-279847.txt_1_1" source="279847.txt_1_1" target="156303.txt_3_1"/>
    <edge id="156303.txt_3_1-513560.txt_1_3" source="513560.txt_1_3" target="156303.txt_3_1"/>
    <edge id="103691.txt_5_2-299017.txt_1_0" source="299017.txt_1_0" target="103691.txt_5_2"/>
    <edge id="109435.txt_1_1-106746.txt_4_1" source="106746.txt_4_1" target="109435.txt_1_1"/>
    <edge id="451113.txt_1_0-142429.txt_1_0" source="142429.txt_1_0" target="451113.txt_1_0"/>
    <edge id="513560.txt_1_1-513560.txt_1_0" source="513560.txt_1_0" target="513560.txt_1_1"/>
    <edge id="103691.txt_5_2-178057.txt_1_0" source="178057.txt_1_0" target="103691.txt_5_2"/>
    <edge id="109435.txt_1_1-513560.txt_1_2" source="513560.txt_1_2" target="109435.txt_1_1"/>
    <edge id="279847.txt_1_1-103691.txt_5_2" source="103691.txt_5_2" target="279847.txt_1_1"/>
    <edge id="186628.txt_2_0-106746.txt_4_3" source="106746.txt_4_3" target="186628.txt_2_0"/>
    <edge id="178057.txt_1_1-106746.txt_4_3" source="106746.txt_4_3" target="178057.txt_1_1"/>
    <edge id="57576.txt_1_0-103691.txt_1_0" source="103691.txt_1_0" target="57576.txt_1_0"/>
    <edge id="423204.txt_1_0-451113.txt_1_0" source="451113.txt_1_0" target="423204.txt_1_0"/>
    <edge id="178057.txt_1_0-103691.txt_5_0" source="103691.txt_5_0" target="178057.txt_1_0"/>
    <edge id="103691.txt_5_2-156303.txt_3_0" source="156303.txt_3_0" target="103691.txt_5_2"/>
    <edge id="453995.txt_1_1-30786.txt_1_0" source="30786.txt_1_0" target="453995.txt_1_1"/>
    <edge id="401238.txt_1_1-106746.txt_4_3" source="106746.txt_4_3" target="401238.txt_1_1"/>
    <edge id="453995.txt_1_1-16005.txt_1_0" source="16005.txt_1_0" target="453995.txt_1_1"/>
    <edge id="186628.txt_2_0-30724.txt_1_0" source="30724.txt_1_0" target="186628.txt_2_0"/>
    <edge id="178057.txt_1_1-30724.txt_1_0" source="30724.txt_1_0" target="178057.txt_1_1"/>
    <edge id="30724.txt_1_0-103691.txt_1_0" source="103691.txt_1_0" target="30724.txt_1_0"/>
    <edge id="453995.txt_1_1-513560.txt_1_2" source="513560.txt_1_2" target="453995.txt_1_1"/>
    <edge id="109435.txt_1_1-453995.txt_1_1" source="453995.txt_1_1" target="109435.txt_1_1"/>
    <edge id="109435.txt_1_1-227487.txt_1_0" source="227487.txt_1_0" target="109435.txt_1_1"/>
    <edge id="156303.txt_3_0-103691.txt_1_0" source="103691.txt_1_0" target="156303.txt_3_0"/>
    <edge id="106746.txt_4_1-30724.txt_1_0" source="30724.txt_1_0" target="106746.txt_4_1"/>
    <edge id="453995.txt_1_1-299017.txt_1_0" source="299017.txt_1_0" target="453995.txt_1_1"/>
    <edge id="451113.txt_1_1-423204.txt_1_0" source="423204.txt_1_0" target="451113.txt_1_1"/>
    <edge id="156303.txt_3_0-513560.txt_1_1" source="513560.txt_1_1" target="156303.txt_3_0"/>
    <edge id="186628.txt_2_0-142429.txt_1_0" source="142429.txt_1_0" target="186628.txt_2_0"/>
    <edge id="178057.txt_1_1-142429.txt_1_0" source="142429.txt_1_0" target="178057.txt_1_1"/>
    <edge id="453995.txt_1_1-513560.txt_1_3" source="513560.txt_1_3" target="453995.txt_1_1"/>
    <edge id="299017.txt_1_1-103691.txt_1_3" source="103691.txt_1_3" target="299017.txt_1_1"/>
    <edge id="156303.txt_3_1-106746.txt_4_0" source="106746.txt_4_0" target="156303.txt_3_1"/>
    <edge id="401238.txt_1_1-127257.txt_5_0" source="127257.txt_5_0" target="401238.txt_1_1"/>
    <edge id="423204.txt_1_0-30724.txt_1_0" source="30724.txt_1_0" target="423204.txt_1_0"/>
    <edge id="451113.txt_1_1-279847.txt_1_1" source="279847.txt_1_1" target="451113.txt_1_1"/>
    <edge id="57576.txt_1_0-513560.txt_1_2" source="513560.txt_1_2" target="57576.txt_1_0"/>
    <edge id="299017.txt_1_0-127257.txt_5_0" source="127257.txt_5_0" target="299017.txt_1_0"/>
    <edge id="57576.txt_1_0-513560.txt_1_1" source="513560.txt_1_1" target="57576.txt_1_0"/>
    <edge id="423204.txt_1_0-109435.txt_1_0" source="109435.txt_1_0" target="423204.txt_1_0"/>
    <edge id="16005.txt_1_0-103691.txt_1_3" source="103691.txt_1_3" target="16005.txt_1_0"/>
    <edge id="30724.txt_1_1-513560.txt_1_2" source="513560.txt_1_2" target="30724.txt_1_1"/>
    <edge id="401238.txt_1_1-279847.txt_1_1" source="279847.txt_1_1" target="401238.txt_1_1"/>
    <edge id="279847.txt_1_1-401238.txt_1_1" source="401238.txt_1_1" target="279847.txt_1_1"/>
    <edge id="513560.txt_1_3-513560.txt_1_0" source="513560.txt_1_0" target="513560.txt_1_3"/>
    <edge id="453995.txt_1_1-513560.txt_1_1" source="513560.txt_1_1" target="453995.txt_1_1"/>
    <edge id="103691.txt_5_2-57576.txt_1_0" source="57576.txt_1_0" target="103691.txt_5_2"/>
    <edge id="142429.txt_1_0-30724.txt_1_0" source="30724.txt_1_0" target="142429.txt_1_0"/>
    <edge id="227487.txt_1_2-16005.txt_1_0" source="16005.txt_1_0" target="227487.txt_1_2"/>
    <edge id="299017.txt_1_1-513560.txt_1_0" source="513560.txt_1_0" target="299017.txt_1_1"/>
    <edge id="30724.txt_1_1-453995.txt_1_0" source="453995.txt_1_0" target="30724.txt_1_1"/>
    <edge id="109435.txt_1_1-513560.txt_1_0" source="513560.txt_1_0" target="109435.txt_1_1"/>
    <edge id="156303.txt_3_0-178057.txt_1_0" source="178057.txt_1_0" target="156303.txt_3_0"/>
    <edge id="57576.txt_1_0-16005.txt_1_0" source="16005.txt_1_0" target="57576.txt_1_0"/>
    <edge id="156303.txt_3_1-178057.txt_1_0" source="178057.txt_1_0" target="156303.txt_3_1"/>
    <edge id="513560.txt_1_3-16005.txt_1_0" source="16005.txt_1_0" target="513560.txt_1_3"/>
    <edge id="279847.txt_1_1-513560.txt_1_3" source="513560.txt_1_3" target="279847.txt_1_1"/>
    <edge id="423204.txt_1_0-299017.txt_1_0" source="299017.txt_1_0" target="423204.txt_1_0"/>
    <edge id="30724.txt_1_0-106746.txt_4_0" source="106746.txt_4_0" target="30724.txt_1_0"/>
    <edge id="156303.txt_3_1-279847.txt_1_0" source="279847.txt_1_0" target="156303.txt_3_1"/>
    <edge id="103691.txt_5_2-227487.txt_1_1" source="227487.txt_1_1" target="103691.txt_5_2"/>
    <edge id="451113.txt_1_1-142429.txt_1_0" source="142429.txt_1_0" target="451113.txt_1_1"/>
    <edge id="103691.txt_5_0-103691.txt_1_0" source="103691.txt_1_0" target="103691.txt_5_0"/>
    <edge id="401238.txt_1_1-156303.txt_3_1" source="156303.txt_3_1" target="401238.txt_1_1"/>
    <edge id="227487.txt_1_1-127257.txt_5_0" source="127257.txt_5_0" target="227487.txt_1_1"/>
    <edge id="57576.txt_1_0-513560.txt_1_3" source="513560.txt_1_3" target="57576.txt_1_0"/>
    <edge id="227487.txt_1_2-30724.txt_1_1" source="30724.txt_1_1" target="227487.txt_1_2"/>
    <edge id="423204.txt_1_0-513560.txt_1_1" source="513560.txt_1_1" target="423204.txt_1_0"/>
    <edge id="178057.txt_1_0-106746.txt_4_3" source="106746.txt_4_3" target="178057.txt_1_0"/>
    <edge id="16005.txt_1_0-103691.txt_1_0" source="103691.txt_1_0" target="16005.txt_1_0"/>
    <edge id="30786.txt_1_0-513560.txt_1_1" source="513560.txt_1_1" target="30786.txt_1_0"/>
    <edge id="156303.txt_3_1-513560.txt_1_2" source="513560.txt_1_2" target="156303.txt_3_1"/>
    <edge id="106746.txt_4_5-142429.txt_1_0" source="142429.txt_1_0" target="106746.txt_4_5"/>
    <edge id="106746.txt_4_1-106746.txt_4_0" source="106746.txt_4_0" target="106746.txt_4_1"/>
    <edge id="451113.txt_1_1-16005.txt_1_0" source="16005.txt_1_0" target="451113.txt_1_1"/>
    <edge id="103691.txt_5_0-453995.txt_1_0" source="453995.txt_1_0" target="103691.txt_5_0"/>
    <edge id="109435.txt_1_1-30724.txt_1_0" source="30724.txt_1_0" target="109435.txt_1_1"/>
    <edge id="451113.txt_1_1-103691.txt_5_0" source="103691.txt_5_0" target="451113.txt_1_1"/>
    <edge id="227487.txt_1_2-513560.txt_1_3" source="513560.txt_1_3" target="227487.txt_1_2"/>
    <edge id="30724.txt_1_0-142429.txt_1_0" source="142429.txt_1_0" target="30724.txt_1_0"/>
    <edge id="109435.txt_1_1-178057.txt_1_0" source="178057.txt_1_0" target="109435.txt_1_1"/>
    <edge id="279847.txt_1_1-106746.txt_4_1" source="106746.txt_4_1" target="279847.txt_1_1"/>
    <edge id="156303.txt_3_0-299017.txt_1_1" source="299017.txt_1_1" target="156303.txt_3_0"/>
    <edge id="401238.txt_1_1-103691.txt_5_2" source="103691.txt_5_2" target="401238.txt_1_1"/>
    <edge id="186628.txt_2_0-156303.txt_3_1" source="156303.txt_3_1" target="186628.txt_2_0"/>
    <edge id="178057.txt_1_1-156303.txt_3_1" source="156303.txt_3_1" target="178057.txt_1_1"/>
    <edge id="299017.txt_1_1-513560.txt_1_1" source="513560.txt_1_1" target="299017.txt_1_1"/>
    <edge id="227487.txt_1_2-453995.txt_1_1" source="453995.txt_1_1" target="227487.txt_1_2"/>
    <edge id="156303.txt_3_0-142429.txt_1_0" source="142429.txt_1_0" target="156303.txt_3_0"/>
    <edge id="423204.txt_1_0-178057.txt_1_0" source="178057.txt_1_0" target="423204.txt_1_0"/>
    <edge id="451113.txt_1_1-451113.txt_1_0" source="451113.txt_1_0" target="451113.txt_1_1"/>
    <edge id="30786.txt_1_0-103691.txt_1_3" source="103691.txt_1_3" target="30786.txt_1_0"/>
    <edge id="451113.txt_1_0-127257.txt_5_0" source="127257.txt_5_0" target="451113.txt_1_0"/>
    <edge id="30724.txt_1_1-103691.txt_5_2" source="103691.txt_5_2" target="30724.txt_1_1"/>
    <edge id="57576.txt_1_0-513560.txt_1_0" source="513560.txt_1_0" target="57576.txt_1_0"/>
    <edge id="178057.txt_1_0-513560.txt_1_1" source="513560.txt_1_1" target="178057.txt_1_0"/>
    <edge id="279847.txt_1_1-156303.txt_3_0" source="156303.txt_3_0" target="279847.txt_1_1"/>
    <edge id="401238.txt_1_1-513560.txt_1_3" source="513560.txt_1_3" target="401238.txt_1_1"/>
    <edge id="106746.txt_4_3-227487.txt_1_0" source="227487.txt_1_0" target="106746.txt_4_3"/>
    <edge id="156303.txt_3_1-156303.txt_3_0" source="156303.txt_3_0" target="156303.txt_3_1"/>
    <edge id="401238.txt_1_1-227487.txt_1_1" source="227487.txt_1_1" target="401238.txt_1_1"/>
    <edge id="30724.txt_1_1-57576.txt_1_0" source="57576.txt_1_0" target="30724.txt_1_1"/>
    <edge id="451113.txt_1_1-106746.txt_4_5" source="106746.txt_4_5" target="451113.txt_1_1"/>
    <edge id="451113.txt_1_1-30724.txt_1_0" source="30724.txt_1_0" target="451113.txt_1_1"/>
    <edge id="279847.txt_1_1-142429.txt_1_0" source="142429.txt_1_0" target="279847.txt_1_1"/>
    <edge id="178057.txt_1_0-227487.txt_1_1" source="227487.txt_1_1" target="178057.txt_1_0"/>
    <edge id="279847.txt_1_1-453995.txt_1_0" source="453995.txt_1_0" target="279847.txt_1_1"/>
    <edge id="106746.txt_4_5-299017.txt_1_0" source="299017.txt_1_0" target="106746.txt_4_5"/>
    <edge id="103691.txt_5_2-513560.txt_1_3" source="513560.txt_1_3" target="103691.txt_5_2"/>
    <edge id="109435.txt_1_1-299017.txt_1_1" source="299017.txt_1_1" target="109435.txt_1_1"/>
    <edge id="423204.txt_1_0-142429.txt_1_0" source="142429.txt_1_0" target="423204.txt_1_0"/>
    <edge id="57576.txt_1_0-299017.txt_1_0" source="299017.txt_1_0" target="57576.txt_1_0"/>
    <edge id="30724.txt_1_1-513560.txt_1_3" source="513560.txt_1_3" target="30724.txt_1_1"/>
    <edge id="30724.txt_1_1-127257.txt_5_0" source="127257.txt_5_0" target="30724.txt_1_1"/>
    <edge id="186628.txt_2_0-156303.txt_3_0" source="156303.txt_3_0" target="186628.txt_2_0"/>
    <edge id="178057.txt_1_1-156303.txt_3_0" source="156303.txt_3_0" target="178057.txt_1_1"/>
    <edge id="178057.txt_1_0-453995.txt_1_1" source="453995.txt_1_1" target="178057.txt_1_0"/>
    <edge id="156303.txt_3_0-453995.txt_1_1" source="453995.txt_1_1" target="156303.txt_3_0"/>
    <edge id="156303.txt_3_1-16005.txt_1_0" source="16005.txt_1_0" target="156303.txt_3_1"/>
    <edge id="30786.txt_1_0-103691.txt_1_0" source="103691.txt_1_0" target="30786.txt_1_0"/>
    <edge id="227487.txt_1_1-106746.txt_4_1" source="106746.txt_4_1" target="227487.txt_1_1"/>
    <edge id="30786.txt_1_0-453995.txt_1_1" source="453995.txt_1_1" target="30786.txt_1_0"/>
    <edge id="156303.txt_3_0-106746.txt_4_1" source="106746.txt_4_1" target="156303.txt_3_0"/>
    <edge id="279847.txt_1_1-103691.txt_1_0" source="103691.txt_1_0" target="279847.txt_1_1"/>
    <edge id="401238.txt_1_1-178057.txt_1_0" source="178057.txt_1_0" target="401238.txt_1_1"/>
    <edge id="30724.txt_1_1-299017.txt_1_1" source="299017.txt_1_1" target="30724.txt_1_1"/>
    <edge id="423204.txt_1_0-103691.txt_5_2" source="103691.txt_5_2" target="423204.txt_1_0"/>
    <edge id="106746.txt_4_1-453995.txt_1_0" source="453995.txt_1_0" target="106746.txt_4_1"/>
    <edge id="227487.txt_1_2-106746.txt_4_3" source="106746.txt_4_3" target="227487.txt_1_2"/>
    <edge id="186628.txt_2_0-106746.txt_4_1" source="106746.txt_4_1" target="186628.txt_2_0"/>
    <edge id="178057.txt_1_1-106746.txt_4_1" source="106746.txt_4_1" target="178057.txt_1_1"/>
    <edge id="186628.txt_2_0-103691.txt_5_2" source="103691.txt_5_2" target="186628.txt_2_0"/>
    <edge id="178057.txt_1_1-103691.txt_5_2" source="103691.txt_5_2" target="178057.txt_1_1"/>
    <edge id="451113.txt_1_0-30724.txt_1_0" source="30724.txt_1_0" target="451113.txt_1_0"/>
    <edge id="106746.txt_4_1-127257.txt_5_0" source="127257.txt_5_0" target="106746.txt_4_1"/>
    <edge id="401238.txt_1_1-227487.txt_1_0" source="227487.txt_1_0" target="401238.txt_1_1"/>
    <edge id="451113.txt_1_1-109435.txt_1_1" source="109435.txt_1_1" target="451113.txt_1_1"/>
    <edge id="156303.txt_3_1-227487.txt_1_1" source="227487.txt_1_1" target="156303.txt_3_1"/>
    <edge id="109435.txt_1_1-401238.txt_1_0" source="401238.txt_1_0" target="109435.txt_1_1"/>
    <edge id="423204.txt_1_0-106746.txt_4_3" source="106746.txt_4_3" target="423204.txt_1_0"/>
    <edge id="30724.txt_1_1-513560.txt_1_0" source="513560.txt_1_0" target="30724.txt_1_1"/>
    <edge id="401238.txt_1_1-30786.txt_1_0" source="30786.txt_1_0" target="401238.txt_1_1"/>
    <edge id="109435.txt_1_1-227487.txt_1_1" source="227487.txt_1_1" target="109435.txt_1_1"/>
    <edge id="30724.txt_1_1-103691.txt_5_0" source="103691.txt_5_0" target="30724.txt_1_1"/>
    <edge id="106746.txt_4_0-227487.txt_1_0" source="227487.txt_1_0" target="106746.txt_4_0"/>
    <edge id="227487.txt_1_2-299017.txt_1_1" source="299017.txt_1_1" target="227487.txt_1_2"/>
    <edge id="401238.txt_1_1-451113.txt_1_1" source="451113.txt_1_1" target="401238.txt_1_1"/>
    <edge id="299017.txt_1_1-513560.txt_1_3" source="513560.txt_1_3" target="299017.txt_1_1"/>
    <edge id="227487.txt_1_2-103691.txt_1_3" source="103691.txt_1_3" target="227487.txt_1_2"/>
    <edge id="109435.txt_1_1-279847.txt_1_0" source="279847.txt_1_0" target="109435.txt_1_1"/>
    <edge id="30786.txt_1_0-299017.txt_1_0" source="299017.txt_1_0" target="30786.txt_1_0"/>
    <edge id="299017.txt_1_1-30786.txt_1_0" source="30786.txt_1_0" target="299017.txt_1_1"/>
    <edge id="513560.txt_1_3-103691.txt_1_3" source="103691.txt_1_3" target="513560.txt_1_3"/>
    <edge id="401238.txt_1_1-227487.txt_1_2" source="227487.txt_1_2" target="401238.txt_1_1"/>
    <edge id="156303.txt_3_1-227487.txt_1_0" source="227487.txt_1_0" target="156303.txt_3_1"/>
    <edge id="178057.txt_1_0-30724.txt_1_0" source="30724.txt_1_0" target="178057.txt_1_0"/>
    <edge id="299017.txt_1_1-299017.txt_1_0" source="299017.txt_1_0" target="299017.txt_1_1"/>
    <edge id="156303.txt_3_0-299017.txt_1_0" source="299017.txt_1_0" target="156303.txt_3_0"/>
    <edge id="401238.txt_1_1-106746.txt_4_1" source="106746.txt_4_1" target="401238.txt_1_1"/>
    <edge id="423204.txt_1_0-401238.txt_1_0" source="401238.txt_1_0" target="423204.txt_1_0"/>
    <edge id="227487.txt_1_2-57576.txt_1_0" source="57576.txt_1_0" target="227487.txt_1_2"/>
    <edge id="156303.txt_3_1-103691.txt_1_3" source="103691.txt_1_3" target="156303.txt_3_1"/>
    <edge id="142429.txt_1_0-127257.txt_5_0" source="127257.txt_5_0" target="142429.txt_1_0"/>
    <edge id="106746.txt_4_5-513560.txt_1_0" source="513560.txt_1_0" target="106746.txt_4_5"/>
    <edge id="103691.txt_5_2-103691.txt_5_0" source="103691.txt_5_0" target="103691.txt_5_2"/>
    <edge id="423204.txt_1_0-513560.txt_1_3" source="513560.txt_1_3" target="423204.txt_1_0"/>
    <edge id="186628.txt_2_0-299017.txt_1_1" source="299017.txt_1_1" target="186628.txt_2_0"/>
    <edge id="178057.txt_1_1-299017.txt_1_1" source="299017.txt_1_1" target="178057.txt_1_1"/>
    <edge id="106746.txt_4_5-106746.txt_4_3" source="106746.txt_4_3" target="106746.txt_4_5"/>
    <edge id="106746.txt_4_5-513560.txt_1_1" source="513560.txt_1_1" target="106746.txt_4_5"/>
    <edge id="30724.txt_1_1-103691.txt_1_3" source="103691.txt_1_3" target="30724.txt_1_1"/>
    <edge id="106746.txt_4_5-30786.txt_1_0" source="30786.txt_1_0" target="106746.txt_4_5"/>
    <edge id="451113.txt_1_1-103691.txt_5_2" source="103691.txt_5_2" target="451113.txt_1_1"/>
    <edge id="279847.txt_1_1-453995.txt_1_1" source="453995.txt_1_1" target="279847.txt_1_1"/>
    <edge id="156303.txt_3_1-127257.txt_5_0" source="127257.txt_5_0" target="156303.txt_3_1"/>
    <edge id="186628.txt_2_0-451113.txt_1_1" source="451113.txt_1_1" target="186628.txt_2_0"/>
    <edge id="178057.txt_1_1-451113.txt_1_1" source="451113.txt_1_1" target="178057.txt_1_1"/>
    <edge id="156303.txt_3_1-513560.txt_1_0" source="513560.txt_1_0" target="156303.txt_3_1"/>
    <edge id="178057.txt_1_0-299017.txt_1_1" source="299017.txt_1_1" target="178057.txt_1_0"/>
    <edge id="279847.txt_1_1-299017.txt_1_1" source="299017.txt_1_1" target="279847.txt_1_1"/>
    <edge id="106746.txt_4_5-106746.txt_4_1" source="106746.txt_4_1" target="106746.txt_4_5"/>
    <edge id="451113.txt_1_1-103691.txt_1_0" source="103691.txt_1_0" target="451113.txt_1_1"/>
    <edge id="156303.txt_3_0-30724.txt_1_1" source="30724.txt_1_1" target="156303.txt_3_0"/>
    <edge id="186709.txt_3_1-186709.txt_3_0" source="186709.txt_3_0" target="186709.txt_3_1"/>
    <edge id="279847.txt_1_1-227487.txt_1_1" source="227487.txt_1_1" target="279847.txt_1_1"/>
    <edge id="186628.txt_2_0-299017.txt_1_0" source="299017.txt_1_0" target="186628.txt_2_0"/>
    <edge id="178057.txt_1_1-299017.txt_1_0" source="299017.txt_1_0" target="178057.txt_1_1"/>
    <edge id="279847.txt_1_1-401238.txt_1_0" source="401238.txt_1_0" target="279847.txt_1_1"/>
    <edge id="156303.txt_3_0-513560.txt_1_3" source="513560.txt_1_3" target="156303.txt_3_0"/>
    <edge id="423204.txt_1_0-106746.txt_4_1" source="106746.txt_4_1" target="423204.txt_1_0"/>
    <edge id="103691.txt_5_2-103691.txt_1_0" source="103691.txt_1_0" target="103691.txt_5_2"/>
    <edge id="227487.txt_1_2-103691.txt_5_0" source="103691.txt_5_0" target="227487.txt_1_2"/>
    <edge id="227487.txt_1_2-30724.txt_1_0" source="30724.txt_1_0" target="227487.txt_1_2"/>
    <edge id="279847.txt_1_1-30786.txt_1_0" source="30786.txt_1_0" target="279847.txt_1_1"/>
    <edge id="178057.txt_1_0-30724.txt_1_1" source="30724.txt_1_1" target="178057.txt_1_0"/>
    <edge id="451113.txt_1_0-453995.txt_1_0" source="453995.txt_1_0" target="451113.txt_1_0"/>
    <edge id="451113.txt_1_1-106746.txt_4_0" source="106746.txt_4_0" target="451113.txt_1_1"/>
    <edge id="156303.txt_3_1-299017.txt_1_0" source="299017.txt_1_0" target="156303.txt_3_1"/>
    <edge id="186628.txt_2_0-423204.txt_1_0" source="423204.txt_1_0" target="186628.txt_2_0"/>
    <edge id="178057.txt_1_1-423204.txt_1_0" source="423204.txt_1_0" target="178057.txt_1_1"/>
    <edge id="106746.txt_4_5-453995.txt_1_0" source="453995.txt_1_0" target="106746.txt_4_5"/>
    <edge id="186628.txt_2_0-103691.txt_5_0" source="103691.txt_5_0" target="186628.txt_2_0"/>
    <edge id="178057.txt_1_1-103691.txt_5_0" source="103691.txt_5_0" target="178057.txt_1_1"/>
    <edge id="227487.txt_1_2-142429.txt_1_0" source="142429.txt_1_0" target="227487.txt_1_2"/>
    <edge id="227487.txt_1_2-227487.txt_1_0" source="227487.txt_1_0" target="227487.txt_1_2"/>
    <edge id="451113.txt_1_1-227487.txt_1_2" source="227487.txt_1_2" target="451113.txt_1_1"/>
    <edge id="142429.txt_1_0-106746.txt_4_1" source="106746.txt_4_1" target="142429.txt_1_0"/>
    <edge id="227487.txt_1_1-30724.txt_1_0" source="30724.txt_1_0" target="227487.txt_1_1"/>
    <edge id="279847.txt_1_1-513560.txt_1_2" source="513560.txt_1_2" target="279847.txt_1_1"/>
    <edge id="423204.txt_1_0-453995.txt_1_0" source="453995.txt_1_0" target="423204.txt_1_0"/>
    <edge id="156303.txt_3_1-106746.txt_4_5" source="106746.txt_4_5" target="156303.txt_3_1"/>
    <edge id="453995.txt_1_1-513560.txt_1_0" source="513560.txt_1_0" target="453995.txt_1_1"/>
    <edge id="279847.txt_1_1-299017.txt_1_0" source="299017.txt_1_0" target="279847.txt_1_1"/>
    <edge id="453995.txt_1_1-103691.txt_1_3" source="103691.txt_1_3" target="453995.txt_1_1"/>
    <edge id="401238.txt_1_1-279847.txt_1_0" source="279847.txt_1_0" target="401238.txt_1_1"/>
    <edge id="156303.txt_3_0-453995.txt_1_0" source="453995.txt_1_0" target="156303.txt_3_0"/>
    <edge id="513560.txt_1_3-299017.txt_1_0" source="299017.txt_1_0" target="513560.txt_1_3"/>
    <edge id="279847.txt_1_1-186628.txt_2_0" source="186628.txt_2_0" target="279847.txt_1_1"/>
    <edge id="279847.txt_1_1-178057.txt_1_1" source="178057.txt_1_1" target="279847.txt_1_1"/>
    <edge id="30786.txt_1_0-453995.txt_1_0" source="453995.txt_1_0" target="30786.txt_1_0"/>
    <edge id="156303.txt_3_1-30724.txt_1_1" source="30724.txt_1_1" target="156303.txt_3_1"/>
    <edge id="142429.txt_1_0-453995.txt_1_0" source="453995.txt_1_0" target="142429.txt_1_0"/>
    <edge id="57576.txt_1_0-30786.txt_1_0" source="30786.txt_1_0" target="57576.txt_1_0"/>
    <edge id="451113.txt_1_1-299017.txt_1_0" source="299017.txt_1_0" target="451113.txt_1_1"/>
    <edge id="57576.txt_1_0-299017.txt_1_1" source="299017.txt_1_1" target="57576.txt_1_0"/>
    <edge id="401238.txt_1_1-401238.txt_1_0" source="401238.txt_1_0" target="401238.txt_1_1"/>
    <edge id="156303.txt_3_1-451113.txt_1_1" source="451113.txt_1_1" target="156303.txt_3_1"/>
    <edge id="106746.txt_4_5-156303.txt_3_0" source="156303.txt_3_0" target="106746.txt_4_5"/>
    <edge id="30786.txt_1_0-16005.txt_1_0" source="16005.txt_1_0" target="30786.txt_1_0"/>
    <edge id="16005.txt_1_0-127257.txt_5_0" source="127257.txt_5_0" target="16005.txt_1_0"/>
    <edge id="156303.txt_3_0-106746.txt_4_5" source="106746.txt_4_5" target="156303.txt_3_0"/>
    <edge id="401238.txt_1_1-106746.txt_4_0" source="106746.txt_4_0" target="401238.txt_1_1"/>
    <edge id="156303.txt_3_0-103691.txt_5_2" source="103691.txt_5_2" target="156303.txt_3_0"/>
    <edge id="30786.txt_1_0-513560.txt_1_3" source="513560.txt_1_3" target="30786.txt_1_0"/>
    <edge id="106746.txt_4_5-513560.txt_1_2" source="513560.txt_1_2" target="106746.txt_4_5"/>
    <edge id="109435.txt_1_1-106746.txt_4_0" source="106746.txt_4_0" target="109435.txt_1_1"/>
    <edge id="227487.txt_1_2-513560.txt_1_2" source="513560.txt_1_2" target="227487.txt_1_2"/>
    <edge id="106746.txt_4_5-103691.txt_1_3" source="103691.txt_1_3" target="106746.txt_4_5"/>
    <edge id="401238.txt_1_1-299017.txt_1_1" source="299017.txt_1_1" target="401238.txt_1_1"/>
    <edge id="186628.txt_2_0-106746.txt_4_5" source="106746.txt_4_5" target="186628.txt_2_0"/>
    <edge id="178057.txt_1_1-106746.txt_4_5" source="106746.txt_4_5" target="178057.txt_1_1"/>
    <edge id="30724.txt_1_1-227487.txt_1_2" source="227487.txt_1_2" target="30724.txt_1_1"/>
    <edge id="451113.txt_1_1-513560.txt_1_0" source="513560.txt_1_0" target="451113.txt_1_1"/>
    <edge id="451113.txt_1_1-106746.txt_4_1" source="106746.txt_4_1" target="451113.txt_1_1"/>
    <edge id="451113.txt_1_1-156303.txt_3_1" source="156303.txt_3_1" target="451113.txt_1_1"/>
    <edge id="401238.txt_1_1-106746.txt_4_5" source="106746.txt_4_5" target="401238.txt_1_1"/>
    <edge id="513560.txt_1_3-30786.txt_1_0" source="30786.txt_1_0" target="513560.txt_1_3"/>
    <edge id="227487.txt_1_2-178057.txt_1_0" source="178057.txt_1_0" target="227487.txt_1_2"/>
    <edge id="30786.txt_1_0-513560.txt_1_2" source="513560.txt_1_2" target="30786.txt_1_0"/>
    <edge id="178057.txt_1_0-227487.txt_1_2" source="227487.txt_1_2" target="178057.txt_1_0"/>
    <edge id="227487.txt_1_2-227487.txt_1_1" source="227487.txt_1_1" target="227487.txt_1_2"/>
    <edge id="299017.txt_1_1-127257.txt_5_0" source="127257.txt_5_0" target="299017.txt_1_1"/>
    <edge id="423204.txt_1_0-127257.txt_5_0" source="127257.txt_5_0" target="423204.txt_1_0"/>
    <edge id="106746.txt_4_3-127257.txt_5_0" source="127257.txt_5_0" target="106746.txt_4_3"/>
    <edge id="30786.txt_1_0-127257.txt_5_0" source="127257.txt_5_0" target="30786.txt_1_0"/>
    <edge id="227487.txt_1_0-106746.txt_4_0" source="106746.txt_4_0" target="227487.txt_1_0"/>
    <edge id="279847.txt_1_1-109435.txt_1_1" source="109435.txt_1_1" target="279847.txt_1_1"/>
    <edge id="279847.txt_1_1-103691.txt_1_3" source="103691.txt_1_3" target="279847.txt_1_1"/>
    <edge id="186628.txt_2_0-103691.txt_1_3" source="103691.txt_1_3" target="186628.txt_2_0"/>
    <edge id="178057.txt_1_1-103691.txt_1_3" source="103691.txt_1_3" target="178057.txt_1_1"/>
    <edge id="299017.txt_1_1-103691.txt_1_0" source="103691.txt_1_0" target="299017.txt_1_1"/>
    <edge id="156303.txt_3_1-401238.txt_1_1" source="401238.txt_1_1" target="156303.txt_3_1"/>
    <edge id="16005.txt_1_0-513560.txt_1_3" source="513560.txt_1_3" target="16005.txt_1_0"/>
    <edge id="178057.txt_1_0-106746.txt_4_5" source="106746.txt_4_5" target="178057.txt_1_0"/>
    <edge id="57576.txt_1_0-453995.txt_1_0" source="453995.txt_1_0" target="57576.txt_1_0"/>
    <edge id="30724.txt_1_1-103691.txt_1_0" source="103691.txt_1_0" target="30724.txt_1_1"/>
    <edge id="401238.txt_1_1-513560.txt_1_0" source="513560.txt_1_0" target="401238.txt_1_1"/>
    <edge id="16005.txt_1_0-513560.txt_1_2" source="513560.txt_1_2" target="16005.txt_1_0"/>
    <edge id="103691.txt_5_2-453995.txt_1_1" source="453995.txt_1_1" target="103691.txt_5_2"/>
    <edge id="451113.txt_1_1-103691.txt_1_3" source="103691.txt_1_3" target="451113.txt_1_1"/>
    <edge id="279847.txt_1_1-106746.txt_4_3" source="106746.txt_4_3" target="279847.txt_1_1"/>
    <edge id="178057.txt_1_0-30786.txt_1_0" source="30786.txt_1_0" target="178057.txt_1_0"/>
    <edge id="401238.txt_1_1-103691.txt_1_3" source="103691.txt_1_3" target="401238.txt_1_1"/>
    <edge id="186628.txt_2_0-401238.txt_1_0" source="401238.txt_1_0" target="186628.txt_2_0"/>
    <edge id="178057.txt_1_1-401238.txt_1_0" source="401238.txt_1_0" target="178057.txt_1_1"/>
    <edge id="423204.txt_1_0-156303.txt_3_1" source="156303.txt_3_1" target="423204.txt_1_0"/>
    <edge id="109435.txt_1_1-142429.txt_1_0" source="142429.txt_1_0" target="109435.txt_1_1"/>
    <edge id="227487.txt_1_2-30786.txt_1_0" source="30786.txt_1_0" target="227487.txt_1_2"/>
    <edge id="109435.txt_1_1-106746.txt_4_5" source="106746.txt_4_5" target="109435.txt_1_1"/>
    <edge id="106746.txt_4_0-127257.txt_5_0" source="127257.txt_5_0" target="106746.txt_4_0"/>
    <edge id="513560.txt_1_2-103691.txt_1_0" source="103691.txt_1_0" target="513560.txt_1_2"/>
    <edge id="186628.txt_2_0-30724.txt_1_1" source="30724.txt_1_1" target="186628.txt_2_0"/>
    <edge id="178057.txt_1_1-30724.txt_1_1" source="30724.txt_1_1" target="178057.txt_1_1"/>
    <edge id="451113.txt_1_0-106746.txt_4_1" source="106746.txt_4_1" target="451113.txt_1_0"/>
    <edge id="156303.txt_3_1-142429.txt_1_0" source="142429.txt_1_0" target="156303.txt_3_1"/>
    <edge id="178057.txt_1_0-103691.txt_5_2" source="103691.txt_5_2" target="178057.txt_1_0"/>
    <edge id="106746.txt_4_5-103691.txt_5_0" source="103691.txt_5_0" target="106746.txt_4_5"/>
    <edge id="103691.txt_5_2-30724.txt_1_0" source="30724.txt_1_0" target="103691.txt_5_2"/>
    <edge id="109435.txt_1_1-451113.txt_1_0" source="451113.txt_1_0" target="109435.txt_1_1"/>
    <edge id="109435.txt_1_1-156303.txt_3_1" source="156303.txt_3_1" target="109435.txt_1_1"/>
    <edge id="109435.txt_1_1-401238.txt_1_1" source="401238.txt_1_1" target="109435.txt_1_1"/>
    <edge id="178057.txt_1_0-16005.txt_1_0" source="16005.txt_1_0" target="178057.txt_1_0"/>
    <edge id="30724.txt_1_1-106746.txt_4_3" source="106746.txt_4_3" target="30724.txt_1_1"/>
    <edge id="156303.txt_3_0-227487.txt_1_1" source="227487.txt_1_1" target="156303.txt_3_0"/>
    <edge id="451113.txt_1_1-227487.txt_1_1" source="227487.txt_1_1" target="451113.txt_1_1"/>
    <edge id="103691.txt_5_2-30724.txt_1_1" source="30724.txt_1_1" target="103691.txt_5_2"/>
    <edge id="106746.txt_4_5-178057.txt_1_0" source="178057.txt_1_0" target="106746.txt_4_5"/>
    <edge id="401238.txt_1_1-451113.txt_1_0" source="451113.txt_1_0" target="401238.txt_1_1"/>
    <edge id="423204.txt_1_0-109435.txt_1_1" source="109435.txt_1_1" target="423204.txt_1_0"/>
    <edge id="453995.txt_1_1-453995.txt_1_0" source="453995.txt_1_0" target="453995.txt_1_1"/>
    <edge id="227487.txt_1_2-106746.txt_4_5" source="106746.txt_4_5" target="227487.txt_1_2"/>
    <edge id="109435.txt_1_1-109435.txt_1_0" source="109435.txt_1_0" target="109435.txt_1_1"/>
    <edge id="106746.txt_4_5-30724.txt_1_0" source="30724.txt_1_0" target="106746.txt_4_5"/>
    <edge id="423204.txt_1_0-279847.txt_1_0" source="279847.txt_1_0" target="423204.txt_1_0"/>
    <edge id="451113.txt_1_1-156303.txt_3_0" source="156303.txt_3_0" target="451113.txt_1_1"/>
    <edge id="279847.txt_1_1-451113.txt_1_0" source="451113.txt_1_0" target="279847.txt_1_1"/>
    <edge id="186628.txt_2_0-227487.txt_1_2" source="227487.txt_1_2" target="186628.txt_2_0"/>
    <edge id="178057.txt_1_1-227487.txt_1_2" source="227487.txt_1_2" target="178057.txt_1_1"/>
    <edge id="186628.txt_2_0-106746.txt_4_0" source="106746.txt_4_0" target="186628.txt_2_0"/>
    <edge id="178057.txt_1_1-106746.txt_4_0" source="106746.txt_4_0" target="178057.txt_1_1"/>
    <edge id="279847.txt_1_1-16005.txt_1_0" source="16005.txt_1_0" target="279847.txt_1_1"/>
    <edge id="156303.txt_3_0-227487.txt_1_2" source="227487.txt_1_2" target="156303.txt_3_0"/>
    <edge id="279847.txt_1_1-279847.txt_1_0" source="279847.txt_1_0" target="279847.txt_1_1"/>
    <edge id="279847.txt_1_1-127257.txt_5_0" source="127257.txt_5_0" target="279847.txt_1_1"/>
    <edge id="279847.txt_1_1-451113.txt_1_1" source="451113.txt_1_1" target="279847.txt_1_1"/>
    <edge id="279847.txt_1_1-30724.txt_1_0" source="30724.txt_1_0" target="279847.txt_1_1"/>
    <edge id="186628.txt_2_0-451113.txt_1_0" source="451113.txt_1_0" target="186628.txt_2_0"/>
    <edge id="178057.txt_1_1-451113.txt_1_0" source="451113.txt_1_0" target="178057.txt_1_1"/>
    <edge id="227487.txt_1_1-103691.txt_1_0" source="103691.txt_1_0" target="227487.txt_1_1"/>
    <edge id="279847.txt_1_1-106746.txt_4_0" source="106746.txt_4_0" target="279847.txt_1_1"/>
    <edge id="401238.txt_1_1-423204.txt_1_0" source="423204.txt_1_0" target="401238.txt_1_1"/>
    <edge id="109435.txt_1_1-156303.txt_3_0" source="156303.txt_3_0" target="109435.txt_1_1"/>
    <edge id="30786.txt_1_0-513560.txt_1_0" source="513560.txt_1_0" target="30786.txt_1_0"/>
    <edge id="106746.txt_4_5-453995.txt_1_1" source="453995.txt_1_1" target="106746.txt_4_5"/>
    <edge id="299017.txt_1_1-57576.txt_1_0" source="57576.txt_1_0" target="299017.txt_1_1"/>
    <edge id="451113.txt_1_1-401238.txt_1_1" source="401238.txt_1_1" target="451113.txt_1_1"/>
    <edge id="156303.txt_3_1-109435.txt_1_1" source="109435.txt_1_1" target="156303.txt_3_1"/>
    <edge id="401238.txt_1_1-16005.txt_1_0" source="16005.txt_1_0" target="401238.txt_1_1"/>
    <edge id="156303.txt_3_0-103691.txt_1_3" source="103691.txt_1_3" target="156303.txt_3_0"/>
    <edge id="178057.txt_1_0-142429.txt_1_0" source="142429.txt_1_0" target="178057.txt_1_0"/>
    <edge id="109435.txt_1_1-127257.txt_5_0" source="127257.txt_5_0" target="109435.txt_1_1"/>
    <edge id="451113.txt_1_1-299017.txt_1_1" source="299017.txt_1_1" target="451113.txt_1_1"/>
    <edge id="106746.txt_4_1-227487.txt_1_1" source="227487.txt_1_1" target="106746.txt_4_1"/>
    <edge id="16005.txt_1_0-453995.txt_1_1" source="453995.txt_1_1" target="16005.txt_1_0"/>
    <edge id="106746.txt_4_5-30724.txt_1_1" source="30724.txt_1_1" target="106746.txt_4_5"/>
    <edge id="156303.txt_3_0-227487.txt_1_0" source="227487.txt_1_0" target="156303.txt_3_0"/>
    <edge id="109435.txt_1_1-103691.txt_1_3" source="103691.txt_1_3" target="109435.txt_1_1"/>
    <edge id="451113.txt_1_1-453995.txt_1_0" source="453995.txt_1_0" target="451113.txt_1_1"/>
    <edge id="453995.txt_1_1-103691.txt_1_0" source="103691.txt_1_0" target="453995.txt_1_1"/>
    <edge id="142429.txt_1_0-227487.txt_1_1" source="227487.txt_1_1" target="142429.txt_1_0"/>
    <edge id="423204.txt_1_0-106746.txt_4_5" source="106746.txt_4_5" target="423204.txt_1_0"/>
    <edge id="106746.txt_4_5-106746.txt_4_0" source="106746.txt_4_0" target="106746.txt_4_5"/>
    <edge id="178057.txt_1_0-513560.txt_1_3" source="513560.txt_1_3" target="178057.txt_1_0"/>
    <edge id="156303.txt_3_0-106746.txt_4_3" source="106746.txt_4_3" target="156303.txt_3_0"/>
    <edge id="109435.txt_1_1-299017.txt_1_0" source="299017.txt_1_0" target="109435.txt_1_1"/>
    <edge id="227487.txt_1_2-103691.txt_1_0" source="103691.txt_1_0" target="227487.txt_1_2"/>
    <edge id="156303.txt_3_1-30786.txt_1_0" source="30786.txt_1_0" target="156303.txt_3_1"/>
    <edge id="156303.txt_3_1-103691.txt_5_0" source="103691.txt_5_0" target="156303.txt_3_1"/>
    <edge id="423204.txt_1_0-57576.txt_1_0" source="57576.txt_1_0" target="423204.txt_1_0"/>
    <edge id="423204.txt_1_0-227487.txt_1_0" source="227487.txt_1_0" target="423204.txt_1_0"/>
    <edge id="16005.txt_1_0-57576.txt_1_0" source="57576.txt_1_0" target="16005.txt_1_0"/>
    <edge id="186628.txt_2_0-513560.txt_1_3" source="513560.txt_1_3" target="186628.txt_2_0"/>
    <edge id="178057.txt_1_1-513560.txt_1_3" source="513560.txt_1_3" target="178057.txt_1_1"/>
    <edge id="401238.txt_1_1-109435.txt_1_0" source="109435.txt_1_0" target="401238.txt_1_1"/>
    <edge id="451113.txt_1_0-106746.txt_4_0" source="106746.txt_4_0" target="451113.txt_1_0"/>
    <edge id="451113.txt_1_1-57576.txt_1_0" source="57576.txt_1_0" target="451113.txt_1_1"/>
    <edge id="109435.txt_1_1-57576.txt_1_0" source="57576.txt_1_0" target="109435.txt_1_1"/>
    <edge id="401238.txt_1_1-109435.txt_1_1" source="109435.txt_1_1" target="401238.txt_1_1"/>
    <edge id="156303.txt_3_1-186628.txt_2_0" source="186628.txt_2_0" target="156303.txt_3_1"/>
    <edge id="156303.txt_3_1-178057.txt_1_1" source="178057.txt_1_1" target="156303.txt_3_1"/>
    <edge id="156303.txt_3_1-106746.txt_4_1" source="106746.txt_4_1" target="156303.txt_3_1"/>
    <edge id="279847.txt_1_1-30724.txt_1_1" source="30724.txt_1_1" target="279847.txt_1_1"/>
    <edge id="423204.txt_1_0-227487.txt_1_1" source="227487.txt_1_1" target="423204.txt_1_0"/>
    <edge id="401238.txt_1_1-299017.txt_1_0" source="299017.txt_1_0" target="401238.txt_1_1"/>
    <edge id="106746.txt_4_1-227487.txt_1_0" source="227487.txt_1_0" target="106746.txt_4_1"/>
    <edge id="103691.txt_5_2-106746.txt_4_1" source="106746.txt_4_1" target="103691.txt_5_2"/>
    <edge id="423204.txt_1_0-103691.txt_1_0" source="103691.txt_1_0" target="423204.txt_1_0"/>
</F_entailment_graph>
