<?xml version="1.0" encoding="UTF-8" standalone="yes"?>
<F_entailment_graph nodeNum="2">
    <node id="175519.txt_2_0" modality="TRUE" explicit_context="175519.txt" implicit_context="" focus="food" implicit_focus="">
        <original_text>It would be good to have better food in the buffet car</original_text>
        <correct_text></correct_text>
    </node>
    <node id="175519.txt_2_1" modality="TRUE" explicit_context="175519.txt" implicit_context="" focus="food" implicit_focus="">
        <original_text>It would be good to have better food</original_text>
        <correct_text></correct_text>
    </node>
    <edge id="175519.txt_2_0-175519.txt_2_1" source="175519.txt_2_0" target="175519.txt_2_1"/>
</F_entailment_graph>
