<?xml version="1.0" encoding="UTF-8" standalone="yes"?>
<F_entailment_graph nodeNum="2">
    <node id="310443.txt_1_0" modality="FALSE" explicit_context="310443.txt" implicit_context="" focus="Food" implicit_focus="">
        <original_text>Food is very poor now</original_text>
        <correct_text></correct_text>
    </node>
    <node id="310443.txt_1_1" modality="FALSE" explicit_context="310443.txt" implicit_context="" focus="Food" implicit_focus="">
        <original_text>Food is poor now</original_text>
        <correct_text></correct_text>
    </node>
    <edge id="310443.txt_1_0-310443.txt_1_1" source="310443.txt_1_0" target="310443.txt_1_1"/>
</F_entailment_graph>
