<?xml version="1.0" encoding="UTF-8" standalone="yes"?>
<F_entailment_graph nodeNum="2">
    <node id="357315.txt_1_0" modality="FALSE" explicit_context="357315.txt" implicit_context="" focus="Food" implicit_focus="">
        <original_text>Food in resto seems to have gone downhill</original_text>
        <correct_text></correct_text>
    </node>
    <node id="357315.txt_1_1" modality="FALSE" explicit_context="357315.txt" implicit_context="" focus="Food" implicit_focus="">
        <original_text>Food seems to have gone downhill</original_text>
        <correct_text></correct_text>
    </node>
    <edge id="357315.txt_1_0-357315.txt_1_1" source="357315.txt_1_0" target="357315.txt_1_1"/>
</F_entailment_graph>
