<?xml version="1.0" encoding="UTF-8" standalone="yes"?>
<F_entailment_graph nodeNum="2">
    <node id="429450.txt_5_0" modality="FALSE" explicit_context="429450.txt" implicit_context="" focus="food" implicit_focus="">
        <original_text>The food offering is in need of a serious improvement</original_text>
        <correct_text></correct_text>
    </node>
    <node id="429450.txt_5_1" modality="FALSE" explicit_context="429450.txt" implicit_context="" focus="food" implicit_focus="">
        <original_text>The food offering is in need of a improvement</original_text>
        <correct_text></correct_text>
    </node>
    <edge id="429450.txt_5_0-429450.txt_5_1" source="429450.txt_5_0" target="429450.txt_5_1"/>
</F_entailment_graph>
