<?xml version="1.0" encoding="UTF-8" standalone="yes"?>
<F_entailment_graph nodeNum="2">
    <node id="464663.txt_1_0" modality="FALSE" explicit_context="464663.txt" implicit_context="" focus="food" implicit_focus="">
        <original_text>Do n't like the new food</original_text>
        <correct_text>Don't like the new food</correct_text>
    </node>
    <node id="464663.txt_1_1" modality="FALSE" explicit_context="464663.txt" implicit_context="" focus="food" implicit_focus="">
        <original_text>Do n't like the food</original_text>
        <correct_text>on't like the food</correct_text>
    </node>
    <edge id="464663.txt_1_0-464663.txt_1_1" source="464663.txt_1_0" target="464663.txt_1_1"/>
</F_entailment_graph>
