<?xml version="1.0" encoding="UTF-8" standalone="yes"?>
<F_entailment_graph nodeNum="2">
    <node id="46653.txt_9_0" modality="TRUE" explicit_context="46653.txt" implicit_context="" focus="food" implicit_focus="">
        <original_text>better food on train would be good</original_text>
        <correct_text></correct_text>
    </node>
    <node id="46653.txt_9_1" modality="TRUE" explicit_context="46653.txt" implicit_context="" focus="food" implicit_focus="">
        <original_text>better food would be good</original_text>
        <correct_text></correct_text>
    </node>
    <edge id="46653.txt_9_0-46653.txt_9_1" source="46653.txt_9_0" target="46653.txt_9_1"/>
</F_entailment_graph>
