<?xml version="1.0" encoding="UTF-8" standalone="yes"?>
<F_entailment_graph nodeNum="2">
    <node id="493530.txt_1_0" modality="FALSE" explicit_context="493530.txt" implicit_context="" focus="food" implicit_focus="">
        <original_text>food in standard magnum was not as good as expected</original_text>
        <correct_text></correct_text>
    </node>
    <node id="493530.txt_1_1" modality="FALSE" explicit_context="493530.txt" implicit_context="" focus="food" implicit_focus="">
        <original_text>food was not as good as expected</original_text>
        <correct_text></correct_text>
    </node>
    <edge id="493530.txt_1_0-493530.txt_1_1" source="493530.txt_1_0" target="493530.txt_1_1"/>
</F_entailment_graph>
