<?xml version="1.0" encoding="UTF-8" standalone="yes"?>
<F_entailment_graph nodeNum="4">
    <node id="92454.txt_1_0" modality="TRUE" explicit_context="92454.txt" implicit_context="" focus="Food" implicit_focus="">
        <original_text>Food could be a bit better in standard leisure</original_text>
        <correct_text></correct_text>
    </node>
    <node id="92454.txt_1_1" modality="TRUE" explicit_context="92454.txt" implicit_context="" focus="Food" implicit_focus="">
        <original_text>Food could be better in standard leisure</original_text>
        <correct_text></correct_text>
    </node>
    <node id="92454.txt_1_2" modality="TRUE" explicit_context="92454.txt" implicit_context="" focus="Food" implicit_focus="">
        <original_text>Food could be a bit better</original_text>
        <correct_text></correct_text>
    </node>
    <node id="92454.txt_1_3" modality="TRUE" explicit_context="92454.txt" implicit_context="" focus="Food" implicit_focus="">
        <original_text>Food could be better</original_text>
        <correct_text></correct_text>
    </node>
    <edge id="92454.txt_1_0-92454.txt_1_1" source="92454.txt_1_0" target="92454.txt_1_1"/>
    <edge id="92454.txt_1_0-92454.txt_1_2" source="92454.txt_1_0" target="92454.txt_1_2"/>
    <edge id="92454.txt_1_1-92454.txt_1_3" source="92454.txt_1_1" target="92454.txt_1_3"/>
    <edge id="92454.txt_1_2-92454.txt_1_3" source="92454.txt_1_2" target="92454.txt_1_3"/>
    <edge id="92454.txt_1_0-92454.txt_1_3" source="92454.txt_1_0" target="92454.txt_1_3"/>
</F_entailment_graph>
