<?xml version="1.0" encoding="UTF-8" standalone="yes"?>
<F_entailment_graph nodeNum="2">
    <node id="0.txt_1_0" modality="FALSE" explicit_context="0.txt" implicit_context="" focus="Tickets" implicit_focus="">
        <original_text>Tickets are way too expensive</original_text>
        <correct_text></correct_text>
    </node>
    <node id="0.txt_1_1" modality="FALSE" explicit_context="0.txt" implicit_context="" focus="Tickets" implicit_focus="">
        <original_text>Tickets are expensive</original_text>
        <correct_text></correct_text>
    </node>
    <edge id="0.txt_1_0-0.txt_1_1" source="0.txt_1_0" target="0.txt_1_1"/>
</F_entailment_graph>
