<?xml version="1.0" encoding="UTF-8" standalone="yes"?>
<F_entailment_graph nodeNum="2">
    <node id="11.txt_3_0" modality="FALSE" explicit_context="11.txt" implicit_context="" focus="price" implicit_focus="">
        <original_text>price paid for a single journey Moonport - Stars Bridge at 200$</original_text>
        <correct_text></correct_text>
    </node>
    <node id="11.txt_3_1" modality="FALSE" explicit_context="11.txt" implicit_context="" focus="price" implicit_focus="">
        <original_text>price paid for a single journey at 200$</original_text>
        <correct_text></correct_text>
    </node>
    <edge id="11.txt_3_0-11.txt_3_1" source="11.txt_3_0" target="11.txt_3_1"/>
</F_entailment_graph>
