<?xml version="1.0" encoding="UTF-8" standalone="yes"?>
<F_entailment_graph nodeNum="2">
    <node id="18.txt_1_0" modality="FALSE" explicit_context="18.txt" implicit_context="" focus="tickets" implicit_focus="">
        <original_text>Slightly cheaper tickets</original_text>
        <correct_text></correct_text>
    </node>
    <node id="18.txt_1_1" modality="FALSE" explicit_context="18.txt" implicit_context="" focus="tickets" implicit_focus="">
        <original_text>cheaper tickets</original_text>
        <correct_text></correct_text>
    </node>
    <edge id="18.txt_1_0-18.txt_1_1" source="18.txt_1_0" target="18.txt_1_1"/>
</F_entailment_graph>
