<?xml version="1.0" encoding="UTF-8" standalone="yes"?>
<F_entailment_graph nodeNum="2">
    <node id="26.txt_1_0" modality="TRUE" explicit_context="26.txt" implicit_context="" focus="tickets" implicit_focus="">
        <original_text>you must make cheaper tickets available at the last minute</original_text>
        <correct_text></correct_text>
    </node>
    <node id="26.txt_1_1" modality="TRUE" explicit_context="26.txt" implicit_context="" focus="tickets" implicit_focus="">
        <original_text>you must make cheaper tickets available</original_text>
        <correct_text></correct_text>
    </node>
    <edge id="26.txt_1_0-26.txt_1_1" source="26.txt_1_0" target="26.txt_1_1"/>
</F_entailment_graph>
