<?xml version="1.0" encoding="UTF-8" standalone="yes"?>
<F_entailment_graph nodeNum="4">
    <node id="35.txt_1_0" modality="FALSE" explicit_context="35.txt" implicit_context="" focus="Tickets" implicit_focus="">
        <original_text>Tickets always very expensive</original_text>
        <correct_text></correct_text>
    </node>
    <node id="35.txt_1_1" modality="FALSE" explicit_context="35.txt" implicit_context="" focus="Tickets" implicit_focus="">
        <original_text>Tickets always expensive</original_text>
        <correct_text></correct_text>
    </node>
    <node id="35.txt_1_2" modality="FALSE" explicit_context="35.txt" implicit_context="" focus="Tickets" implicit_focus="">
        <original_text>Tickets very expensive</original_text>
        <correct_text></correct_text>
    </node>
    <node id="35.txt_1_3" modality="FALSE" explicit_context="35.txt" implicit_context="" focus="Tickets" implicit_focus="">
        <original_text>Tickets expensive</original_text>
        <correct_text></correct_text>
    </node>
    <edge id="35.txt_1_0-35.txt_1_1" source="35.txt_1_0" target="35.txt_1_1"/>
    <edge id="35.txt_1_0-35.txt_1_2" source="35.txt_1_0" target="35.txt_1_2"/>
    <edge id="35.txt_1_1-35.txt_1_3" source="35.txt_1_1" target="35.txt_1_3"/>
    <edge id="35.txt_1_2-35.txt_1_3" source="35.txt_1_2" target="35.txt_1_3"/>
    <edge id="35.txt_1_0-35.txt_1_3" source="35.txt_1_0" target="35.txt_1_3"/>
</F_entailment_graph>
