<?xml version="1.0" encoding="UTF-8" standalone="yes"?>
<F_entailment_graph nodeNum="2">
    <node id="387881.txt_1_0" modality="FALSE" explicit_context="387881.txt" implicit_context="" focus="tickets" implicit_focus="">
        <original_text>Prices are quite high on tickets</original_text>
        <correct_text></correct_text>
    </node>
    <node id="387881.txt_1_1" modality="FALSE" explicit_context="387881.txt" implicit_context="" focus="tickets" implicit_focus="">
        <original_text>Prices are high on tickets</original_text>
        <correct_text></correct_text>
    </node>
    <edge id="387881.txt_1_0-387881.txt_1_1" source="387881.txt_1_0" target="387881.txt_1_1"/>
</F_entailment_graph>
