<?xml version="1.0" encoding="UTF-8" standalone="yes"?>
<F_entailment_graph nodeNum="2">
    <node id="160668.txt_1_0" modality="FALSE" explicit_context="160668.txt" implicit_context="" focus="meal" implicit_focus="">
        <original_text>Really poor to have stopped serving a hot meal in standard magnum</original_text>
        <correct_text></correct_text>
    </node>
    <node id="160668.txt_1_1" modality="FALSE" explicit_context="160668.txt" implicit_context="" focus="meal" implicit_focus="">
        <original_text>Really poor to have stopped serving a hot meal</original_text>
        <correct_text></correct_text>
    </node>
    <edge id="160668.txt_1_0-160668.txt_1_1" source="160668.txt_1_0" target="160668.txt_1_1"/>
</F_entailment_graph>
