<?xml version="1.0" encoding="UTF-8" standalone="yes"?>
<F_entailment_graph nodeNum="2">
    <node id="162010.txt_2_0" modality="FALSE" explicit_context="162010.txt" implicit_context="" focus="food" implicit_focus="">
        <original_text>more food selection in the lounges</original_text>
        <correct_text></correct_text>
    </node>
    <node id="162010.txt_2_1" modality="FALSE" explicit_context="162010.txt" implicit_context="" focus="food" implicit_focus="">
        <original_text>more food selection</original_text>
        <correct_text></correct_text>
    </node>
    <edge id="162010.txt_2_0-162010.txt_2_1" source="162010.txt_2_0" target="162010.txt_2_1"/>
</F_entailment_graph>
