<?xml version="1.0" encoding="UTF-8" standalone="yes"?>
<F_entailment_graph nodeNum="2">
    <node id="164111.txt_1_0" modality="FALSE" explicit_context="164111.txt" implicit_context="" focus="breakfast" implicit_focus="">
        <original_text>Reinstate a decent breakfast in standard magnum</original_text>
        <correct_text></correct_text>
    </node>
    <node id="164111.txt_1_1" modality="FALSE" explicit_context="164111.txt" implicit_context="" focus="breakfast" implicit_focus="">
        <original_text>Reinstate a decent breakfast</original_text>
        <correct_text></correct_text>
    </node>
    <edge id="164111.txt_1_0-164111.txt_1_1" source="164111.txt_1_0" target="164111.txt_1_1"/>
</F_entailment_graph>
