<?xml version="1.0" encoding="UTF-8" standalone="yes"?>
<F_entailment_graph nodeNum="2">
    <node id="189187.txt_1_0" modality="TRUE" explicit_context="189187.txt" implicit_context="" focus="food" implicit_focus="">
        <original_text>More variety of food at buffet car would improve service</original_text>
        <correct_text></correct_text>
    </node>
    <node id="189187.txt_1_1" modality="TRUE" explicit_context="189187.txt" implicit_context="" focus="food" implicit_focus="">
        <original_text>More variety of food would improve service</original_text>
        <correct_text></correct_text>
    </node>
    <edge id="189187.txt_1_0-189187.txt_1_1" source="189187.txt_1_0" target="189187.txt_1_1"/>
</F_entailment_graph>
