<?xml version="1.0" encoding="UTF-8" standalone="yes"?>
<F_entailment_graph nodeNum="2">
    <node id="193822.txt_1_0" modality="FALSE" explicit_context="193822.txt" implicit_context="" focus="Food" implicit_focus="">
        <original_text>Food options within the check in zone have room for improvement</original_text>
        <correct_text></correct_text>
    </node>
    <node id="193822.txt_1_1" modality="FALSE" explicit_context="193822.txt" implicit_context="" focus="Food" implicit_focus="">
        <original_text>Food options have room for improvement</original_text>
        <correct_text></correct_text>
    </node>
    <edge id="193822.txt_1_0-193822.txt_1_1" source="193822.txt_1_0" target="193822.txt_1_1"/>
</F_entailment_graph>
