<?xml version="1.0" encoding="UTF-8" standalone="yes"?>
<F_entailment_graph nodeNum="2">
    <node id="213508.txt_1_0" modality="FALSE" explicit_context="213508.txt" implicit_context="" focus="food" implicit_focus="">
        <original_text>no hot food on the train</original_text>
        <correct_text></correct_text>
    </node>
    <node id="213508.txt_1_1" modality="FALSE" explicit_context="213508.txt" implicit_context="" focus="food" implicit_focus="">
        <original_text>no hot food</original_text>
        <correct_text></correct_text>
    </node>
    <edge id="213508.txt_1_0-213508.txt_1_1" source="213508.txt_1_0" target="213508.txt_1_1"/>
</F_entailment_graph>
