<?xml version="1.0" encoding="UTF-8" standalone="yes"?>
<F_entailment_graph nodeNum="2">
    <node id="220190.txt_4_0" modality="TRUE" explicit_context="220190.txt" implicit_context="" focus="meal" implicit_focus="">
        <original_text>We would also welcome back the hot meal in leisure select</original_text>
        <correct_text></correct_text>
    </node>
    <node id="220190.txt_4_1" modality="TRUE" explicit_context="220190.txt" implicit_context="" focus="meal" implicit_focus="">
        <original_text>We would also welcome back the hot meal</original_text>
        <correct_text></correct_text>
    </node>
    <edge id="220190.txt_4_0-220190.txt_4_1" source="220190.txt_4_0" target="220190.txt_4_1"/>
</F_entailment_graph>
