<?xml version="1.0" encoding="UTF-8" standalone="yes"?>
<F_entailment_graph nodeNum="2">
    <node id="275096.txt_1_0" modality="FALSE" explicit_context="275096.txt" implicit_context="" focus="food" implicit_focus="">
        <original_text>your food has changed in standard magnum class</original_text>
        <correct_text></correct_text>
    </node>
    <node id="275096.txt_1_1" modality="FALSE" explicit_context="275096.txt" implicit_context="" focus="food" implicit_focus="">
        <original_text>your food has changed</original_text>
        <correct_text></correct_text>
    </node>
    <edge id="275096.txt_1_0-275096.txt_1_1" source="275096.txt_1_0" target="275096.txt_1_1"/>
</F_entailment_graph>
