<?xml version="1.0" encoding="UTF-8" standalone="yes"?>
<F_entailment_graph nodeNum="2">
    <node id="327783.txt_1_0" modality="TRUE" explicit_context="327783.txt" implicit_context="" focus="meal" implicit_focus="">
        <original_text>There should be a choice of meal in standard magnum</original_text>
        <correct_text></correct_text>
    </node>
    <node id="327783.txt_1_1" modality="TRUE" explicit_context="327783.txt" implicit_context="" focus="meal" implicit_focus="">
        <original_text>There should be a choice of meal</original_text>
        <correct_text></correct_text>
    </node>
    <edge id="327783.txt_1_0-327783.txt_1_1" source="327783.txt_1_0" target="327783.txt_1_1"/>
</F_entailment_graph>
