<?xml version="1.0" encoding="UTF-8" standalone="yes"?>
<F_entailment_graph nodeNum="2">
    <node id="38058.txt_1_0" modality="FALSE" explicit_context="38058.txt" implicit_context="" focus="food" implicit_focus="">
        <original_text>There wasn't any proper food in the lounge</original_text>
        <correct_text></correct_text>
    </node>
    <node id="38058.txt_1_1" modality="FALSE" explicit_context="38058.txt" implicit_context="" focus="food" implicit_focus="">
        <original_text>There wasn't any proper food</original_text>
        <correct_text></correct_text>
    </node>
    <edge id="38058.txt_1_0-38058.txt_1_1" source="38058.txt_1_0" target="38058.txt_1_1"/>
</F_entailment_graph>
