<?xml version="1.0" encoding="UTF-8" standalone="yes"?>
<F_entailment_graph nodeNum="2">
    <node id="428613.txt_1_0" modality="FALSE" explicit_context="428613.txt" implicit_context="" focus="foods" implicit_focus="">
        <original_text>Healthier foods at the bar buffet</original_text>
        <correct_text></correct_text>
    </node>
    <node id="428613.txt_1_1" modality="FALSE" explicit_context="428613.txt" implicit_context="" focus="foods" implicit_focus="">
        <original_text>Healthier foods</original_text>
        <correct_text></correct_text>
    </node>
    <edge id="428613.txt_1_0-428613.txt_1_1" source="428613.txt_1_0" target="428613.txt_1_1"/>
</F_entailment_graph>
