<?xml version="1.0" encoding="UTF-8" standalone="yes"?>
<F_entailment_graph nodeNum="2">
    <node id="428613.txt_7_0" modality="FALSE" explicit_context="428613.txt" implicit_context="" focus="food" implicit_focus="">
        <original_text>The food choices are quite limted</original_text>
        <correct_text>The food choices are quite limited</correct_text>
    </node>
    <node id="428613.txt_7_1" modality="FALSE" explicit_context="428613.txt" implicit_context="" focus="food" implicit_focus="">
        <original_text>The food choices are limted</original_text>
        <correct_text>The food choices are limited</correct_text>
    </node>
    <edge id="428613.txt_7_0-428613.txt_7_1" source="428613.txt_7_0" target="428613.txt_7_1"/>
</F_entailment_graph>
