<?xml version="1.0" encoding="UTF-8" standalone="yes"?>
<F_entailment_graph nodeNum="2">
    <node id="440663.txt_1_0" modality="FALSE" explicit_context="440663.txt" implicit_context="" focus="food" implicit_focus="">
        <original_text>healthier food in the lounge</original_text>
        <correct_text></correct_text>
    </node>
    <node id="440663.txt_1_1" modality="FALSE" explicit_context="440663.txt" implicit_context="" focus="food" implicit_focus="">
        <original_text>healthier food</original_text>
        <correct_text></correct_text>
    </node>
    <edge id="440663.txt_1_0-440663.txt_1_1" source="440663.txt_1_0" target="440663.txt_1_1"/>
</F_entailment_graph>
