<?xml version="1.0" encoding="UTF-8" standalone="yes"?>
<F_entailment_graph nodeNum="2">
    <node id="445533.txt_1_0" modality="FALSE" explicit_context="445533.txt" implicit_context="" focus="Food" implicit_focus="">
        <original_text>Food is a bit boring</original_text>
        <correct_text></correct_text>
    </node>
    <node id="445533.txt_1_1" modality="FALSE" explicit_context="445533.txt" implicit_context="" focus="Food" implicit_focus="">
        <original_text>Food is boring</original_text>
        <correct_text></correct_text>
    </node>
    <edge id="445533.txt_1_0-445533.txt_1_1" source="445533.txt_1_0" target="445533.txt_1_1"/>
</F_entailment_graph>
