<?xml version="1.0" encoding="UTF-8" standalone="yes"?>
<F_entailment_graph nodeNum="2">
    <node id="472607.txt_3_0" modality="FALSE" explicit_context="472607.txt" implicit_context="" focus="food" implicit_focus="">
        <original_text>In Magnum there is no food for kids</original_text>
        <correct_text></correct_text>
    </node>
    <node id="472607.txt_3_1" modality="FALSE" explicit_context="472607.txt" implicit_context="" focus="food" implicit_focus="">
        <original_text>there is no food for kids</original_text>
        <correct_text></correct_text>
    </node>
    <edge id="472607.txt_3_0-472607.txt_3_1" source="472607.txt_3_0" target="472607.txt_3_1"/>
</F_entailment_graph>
