<?xml version="1.0" encoding="UTF-8" standalone="yes"?>
<F_entailment_graph nodeNum="2">
    <node id="488224.txt_1_0" modality="FALSE" explicit_context="488224.txt" implicit_context="" focus="food" implicit_focus="">
        <original_text>Was expecting food to be more substantial in standard magnum</original_text>
        <correct_text></correct_text>
    </node>
    <node id="488224.txt_1_1" modality="FALSE" explicit_context="488224.txt" implicit_context="" focus="food" implicit_focus="">
        <original_text>Was expecting food to be more substantial</original_text>
        <correct_text></correct_text>
    </node>
    <edge id="488224.txt_1_0-488224.txt_1_1" source="488224.txt_1_0" target="488224.txt_1_1"/>
</F_entailment_graph>
