<?xml version="1.0" encoding="UTF-8" standalone="yes"?>
<F_entailment_graph nodeNum="2">
    <node id="59665.txt_1_0" modality="FALSE" explicit_context="59665.txt" implicit_context="" focus="meal" implicit_focus="">
        <original_text>Choice of meal not available by the time cart got to me</original_text>
        <correct_text></correct_text>
    </node>
    <node id="59665.txt_1_1" modality="FALSE" explicit_context="59665.txt" implicit_context="" focus="meal" implicit_focus="">
        <original_text>Choice of meal not available</original_text>
        <correct_text></correct_text>
    </node>
    <edge id="59665.txt_1_0-59665.txt_1_1" source="59665.txt_1_0" target="59665.txt_1_1"/>
</F_entailment_graph>
