<?xml version="1.0" encoding="UTF-8" standalone="yes"?>
<F_entailment_graph nodeNum="2">
    <node id="63301.txt_2_0" modality="TRUE" explicit_context="63301.txt" implicit_context="" focus="meals" implicit_focus="">
        <original_text>You could bring back hot meals in leisure select</original_text>
        <correct_text></correct_text>
    </node>
    <node id="63301.txt_2_1" modality="TRUE" explicit_context="63301.txt" implicit_context="" focus="meals" implicit_focus="">
        <original_text>You could bring back hot meals</original_text>
        <correct_text></correct_text>
    </node>
    <edge id="63301.txt_2_0-63301.txt_2_1" source="63301.txt_2_0" target="63301.txt_2_1"/>
</F_entailment_graph>
