<?xml version="1.0" encoding="UTF-8" standalone="yes"?>
<F_entailment_graph nodeNum="2">
    <node id="71767.txt_1_0" modality="TRUE" explicit_context="71767.txt" implicit_context="" focus="bread" implicit_focus="">
        <original_text>It would be nice to have a better choice of bread with the meal</original_text>
        <correct_text></correct_text>
    </node>
    <node id="71767.txt_1_1" modality="TRUE" explicit_context="71767.txt" implicit_context="" focus="bread" implicit_focus="">
        <original_text>It would be nice to have a better choice of bread</original_text>
        <correct_text></correct_text>
    </node>
    <edge id="71767.txt_1_0-71767.txt_1_1" source="71767.txt_1_0" target="71767.txt_1_1"/>
</F_entailment_graph>
