<?xml version="1.0" encoding="UTF-8" standalone="yes"?>
<F_entailment_graph nodeNum="38">
    <node id="476365.txt_1_2">
        <original_text>Food is poor</original_text>
        <correct_text></correct_text>
    </node>
    <node id="71011.txt_2_0">
        <original_text>food can be improved</original_text>
        <correct_text></correct_text>
    </node>
    <node id="445827.txt_1_0">
        <original_text>Food could be better</original_text>
        <correct_text></correct_text>
    </node>
    <node id="92454.txt_1_3">
        <original_text>Food could be better</original_text>
        <correct_text></correct_text>
    </node>
    <node id="493530.txt_1_1">
        <original_text>food was not as good as expected</original_text>
        <correct_text></correct_text>
    </node>
    <node id="5436.txt_1_0">
        <original_text>Improve the food</original_text>
        <correct_text></correct_text>
    </node>
    <node id="379399.txt_1_0">
        <original_text>Improve the food</original_text>
        <correct_text></correct_text>
    </node>
    <node id="429450.txt_5_1">
        <original_text>The food offering is in need of a improvement</original_text>
        <correct_text></correct_text>
    </node>
    <node id="327258.txt_1_0">
        <original_text>food is poor</original_text>
        <correct_text></correct_text>
    </node>
    <node id="464663.txt_1_1">
        <original_text>Do n't like the food</original_text>
        <correct_text>on't like the food</correct_text>
    </node>
    <node id="461540.txt_1_0">
        <original_text>Better food would be good</original_text>
        <correct_text></correct_text>
    </node>
    <node id="43733.txt_1_0">
        <original_text>Better food</original_text>
        <correct_text></correct_text>
    </node>
    <node id="308568.txt_1_0">
        <original_text>Poor food</original_text>
        <correct_text></correct_text>
    </node>
    <node id="310443.txt_1_1">
        <original_text>Food is poor now</original_text>
        <correct_text></correct_text>
    </node>
    <node id="46653.txt_9_1">
        <original_text>better food would be good</original_text>
        <correct_text></correct_text>
    </node>
    <node id="175519.txt_2_1">
        <original_text>It would be good to have better food</original_text>
        <correct_text></correct_text>
    </node>
    <node id="430935.txt_1_1">
        <original_text>Food need to be improved</original_text>
        <correct_text>Food needs to be improved</correct_text>
    </node>
    <node id="513573.txt_2_0">
        <original_text>the food is terrible</original_text>
        <correct_text></correct_text>
    </node>
    <node id="480047.txt_1_0">
        <original_text>food was awful</original_text>
        <correct_text></correct_text>
    </node>
    <node id="493530.txt_1_0">
        <original_text>food in standard magnum was not as good as expected</original_text>
        <correct_text></correct_text>
    </node>
    <node id="476365.txt_1_1">
        <original_text>Food in Standard Magnum is poor</original_text>
        <correct_text></correct_text>
    </node>
    <node id="40604.txt_1_0">
        <original_text>Food is really poor</original_text>
        <correct_text></correct_text>
    </node>
    <node id="310443.txt_1_0">
        <original_text>Food is very poor now</original_text>
        <correct_text></correct_text>
    </node>
    <node id="429450.txt_5_0">
        <original_text>The food offering is in need of a serious improvement</original_text>
        <correct_text></correct_text>
    </node>
    <node id="357315.txt_1_1">
        <original_text>Food seems to have gone downhill</original_text>
        <correct_text></correct_text>
    </node>
    <node id="464663.txt_1_0">
        <original_text>Do n't like the new food</original_text>
        <correct_text>Don't like the new food</correct_text>
    </node>
    <node id="446414.txt_1_0">
        <original_text>Bring back the nice food</original_text>
        <correct_text></correct_text>
    </node>
    <node id="476365.txt_1_0">
        <original_text>Food in Standard Magnum is really poor</original_text>
        <correct_text></correct_text>
    </node>
    <node id="92454.txt_1_2">
        <original_text>Food could be a bit better</original_text>
        <correct_text></correct_text>
    </node>
    <node id="92454.txt_1_1">
        <original_text>Food could be better in standard leisure</original_text>
        <correct_text></correct_text>
    </node>
    <node id="175519.txt_2_0">
        <original_text>It would be good to have better food in the buffet car</original_text>
        <correct_text></correct_text>
    </node>
    <node id="445533.txt_2_0">
        <original_text>Food is more or less the same every journey</original_text>
        <correct_text></correct_text>
    </node>
    <node id="445533.txt_2_1">
        <original_text>Food is more or less the same</original_text>
        <correct_text></correct_text>
    </node>
    <node id="164111.txt_2_0">
        <original_text>give us the option to pay for a better meal</original_text>
        <correct_text></correct_text>
    </node>
    <node id="430935.txt_1_0">
        <original_text>Food for lunch need to be improved</original_text>
        <correct_text>Food for lunch needs to be improved</correct_text>
    </node>
    <node id="357315.txt_1_0">
        <original_text>Food in resto seems to have gone downhill</original_text>
        <correct_text></correct_text>
    </node>
    <node id="92454.txt_1_0">
        <original_text>Food could be a bit better in standard leisure</original_text>
        <correct_text></correct_text>
    </node>
    <node id="46653.txt_9_0">
        <original_text>better food on train would be good</original_text>
        <correct_text></correct_text>
    </node>
    <edge id="445827.txt_1_0-480047.txt_1_0" source="480047.txt_1_0" target="445827.txt_1_0"/>
    <edge id="92454.txt_1_3-480047.txt_1_0" source="480047.txt_1_0" target="92454.txt_1_3"/>
    <edge id="5436.txt_1_0-461540.txt_1_0" source="461540.txt_1_0" target="5436.txt_1_0"/>
    <edge id="379399.txt_1_0-461540.txt_1_0" source="461540.txt_1_0" target="379399.txt_1_0"/>
    <edge id="308568.txt_1_0-327258.txt_1_0" source="327258.txt_1_0" target="308568.txt_1_0"/>
    <edge id="46653.txt_9_1-327258.txt_1_0" source="327258.txt_1_0" target="46653.txt_9_1"/>
    <edge id="46653.txt_9_1-92454.txt_1_1" source="92454.txt_1_1" target="46653.txt_9_1"/>
    <edge id="71011.txt_2_0-5436.txt_1_0" source="5436.txt_1_0" target="71011.txt_2_0"/>
    <edge id="71011.txt_2_0-379399.txt_1_0" source="379399.txt_1_0" target="71011.txt_2_0"/>
    <edge id="493530.txt_1_1-46653.txt_9_1" source="46653.txt_9_1" target="493530.txt_1_1"/>
    <edge id="357315.txt_1_1-446414.txt_1_0" source="446414.txt_1_0" target="357315.txt_1_1"/>
    <edge id="429450.txt_5_1-5436.txt_1_0" source="5436.txt_1_0" target="429450.txt_5_1"/>
    <edge id="429450.txt_5_1-379399.txt_1_0" source="379399.txt_1_0" target="429450.txt_5_1"/>
    <edge id="310443.txt_1_0-480047.txt_1_0" source="480047.txt_1_0" target="310443.txt_1_0"/>
    <edge id="327258.txt_1_0-46653.txt_9_1" source="46653.txt_9_1" target="327258.txt_1_0"/>
    <edge id="445827.txt_1_0-464663.txt_1_1" source="464663.txt_1_1" target="445827.txt_1_0"/>
    <edge id="92454.txt_1_3-464663.txt_1_1" source="464663.txt_1_1" target="92454.txt_1_3"/>
    <edge id="493530.txt_1_1-92454.txt_1_2" source="92454.txt_1_2" target="493530.txt_1_1"/>
    <edge id="464663.txt_1_1-71011.txt_2_0" source="71011.txt_2_0" target="464663.txt_1_1"/>
    <edge id="493530.txt_1_1-5436.txt_1_0" source="5436.txt_1_0" target="493530.txt_1_1"/>
    <edge id="493530.txt_1_1-379399.txt_1_0" source="379399.txt_1_0" target="493530.txt_1_1"/>
    <edge id="308568.txt_1_0-430935.txt_1_0" source="430935.txt_1_0" target="308568.txt_1_0"/>
    <edge id="464663.txt_1_1-493530.txt_1_1" source="493530.txt_1_1" target="464663.txt_1_1"/>
    <edge id="46653.txt_9_1-46653.txt_9_0" source="46653.txt_9_0" target="46653.txt_9_1"/>
    <edge id="493530.txt_1_1-476365.txt_1_2" source="476365.txt_1_2" target="493530.txt_1_1"/>
    <edge id="308568.txt_1_0-429450.txt_5_0" source="429450.txt_5_0" target="308568.txt_1_0"/>
    <edge id="46653.txt_9_0-476365.txt_1_0" source="476365.txt_1_0" target="46653.txt_9_0"/>
    <edge id="476365.txt_1_2-446414.txt_1_0" source="446414.txt_1_0" target="476365.txt_1_2"/>
    <edge id="308568.txt_1_0-175519.txt_2_1" source="175519.txt_2_1" target="308568.txt_1_0"/>
    <edge id="445827.txt_1_0-92454.txt_1_1" source="92454.txt_1_1" target="445827.txt_1_0"/>
    <edge id="92454.txt_1_3-92454.txt_1_1" source="92454.txt_1_1" target="92454.txt_1_3"/>
    <edge id="310443.txt_1_1-46653.txt_9_1" source="46653.txt_9_1" target="310443.txt_1_1"/>
    <edge id="310443.txt_1_1-476365.txt_1_1" source="476365.txt_1_1" target="310443.txt_1_1"/>
    <edge id="493530.txt_1_1-46653.txt_9_0" source="46653.txt_9_0" target="493530.txt_1_1"/>
    <edge id="308568.txt_1_0-464663.txt_1_1" source="464663.txt_1_1" target="308568.txt_1_0"/>
    <edge id="175519.txt_2_1-164111.txt_2_0" source="164111.txt_2_0" target="175519.txt_2_1"/>
    <edge id="430935.txt_1_1-513573.txt_2_0" source="513573.txt_2_0" target="430935.txt_1_1"/>
    <edge id="308568.txt_1_0-461540.txt_1_0" source="461540.txt_1_0" target="308568.txt_1_0"/>
    <edge id="461540.txt_1_0-46653.txt_9_0" source="46653.txt_9_0" target="461540.txt_1_0"/>
    <edge id="46653.txt_9_1-5436.txt_1_0" source="5436.txt_1_0" target="46653.txt_9_1"/>
    <edge id="46653.txt_9_1-379399.txt_1_0" source="379399.txt_1_0" target="46653.txt_9_1"/>
    <edge id="461540.txt_1_0-164111.txt_2_0" source="164111.txt_2_0" target="461540.txt_1_0"/>
    <edge id="175519.txt_2_1-513573.txt_2_0" source="513573.txt_2_0" target="175519.txt_2_1"/>
    <edge id="464663.txt_1_1-43733.txt_1_0" source="43733.txt_1_0" target="464663.txt_1_1"/>
    <edge id="46653.txt_9_1-464663.txt_1_1" source="464663.txt_1_1" target="46653.txt_9_1"/>
    <edge id="461540.txt_1_0-71011.txt_2_0" source="71011.txt_2_0" target="461540.txt_1_0"/>
    <edge id="461540.txt_1_0-464663.txt_1_1" source="464663.txt_1_1" target="461540.txt_1_0"/>
    <edge id="476365.txt_1_2-493530.txt_1_1" source="493530.txt_1_1" target="476365.txt_1_2"/>
    <edge id="310443.txt_1_1-493530.txt_1_0" source="493530.txt_1_0" target="310443.txt_1_1"/>
    <edge id="445827.txt_1_0-310443.txt_1_0" source="310443.txt_1_0" target="445827.txt_1_0"/>
    <edge id="92454.txt_1_3-310443.txt_1_0" source="310443.txt_1_0" target="92454.txt_1_3"/>
    <edge id="43733.txt_1_0-71011.txt_2_0" source="71011.txt_2_0" target="43733.txt_1_0"/>
    <edge id="46653.txt_9_1-175519.txt_2_0" source="175519.txt_2_0" target="46653.txt_9_1"/>
    <edge id="445827.txt_1_0-357315.txt_1_1" source="357315.txt_1_1" target="445827.txt_1_0"/>
    <edge id="92454.txt_1_3-357315.txt_1_1" source="357315.txt_1_1" target="92454.txt_1_3"/>
    <edge id="445827.txt_1_0-175519.txt_2_1" source="175519.txt_2_1" target="445827.txt_1_0"/>
    <edge id="92454.txt_1_3-175519.txt_2_1" source="175519.txt_2_1" target="92454.txt_1_3"/>
    <edge id="461540.txt_1_0-446414.txt_1_0" source="446414.txt_1_0" target="461540.txt_1_0"/>
    <edge id="5436.txt_1_0-92454.txt_1_2" source="92454.txt_1_2" target="5436.txt_1_0"/>
    <edge id="379399.txt_1_0-92454.txt_1_2" source="92454.txt_1_2" target="379399.txt_1_0"/>
    <edge id="310443.txt_1_1-92454.txt_1_0" source="92454.txt_1_0" target="310443.txt_1_1"/>
    <edge id="164111.txt_2_0-357315.txt_1_0" source="357315.txt_1_0" target="164111.txt_2_0"/>
    <edge id="430935.txt_1_1-308568.txt_1_0" source="308568.txt_1_0" target="430935.txt_1_1"/>
    <edge id="308568.txt_1_0-310443.txt_1_1" source="310443.txt_1_1" target="308568.txt_1_0"/>
    <edge id="175519.txt_2_1-430935.txt_1_1" source="430935.txt_1_1" target="175519.txt_2_1"/>
    <edge id="175519.txt_2_1-40604.txt_1_0" source="40604.txt_1_0" target="175519.txt_2_1"/>
    <edge id="175519.txt_2_1-476365.txt_1_1" source="476365.txt_1_1" target="175519.txt_2_1"/>
    <edge id="40604.txt_1_0-429450.txt_5_0" source="429450.txt_5_0" target="40604.txt_1_0"/>
    <edge id="46653.txt_9_1-429450.txt_5_0" source="429450.txt_5_0" target="46653.txt_9_1"/>
    <edge id="461540.txt_1_0-40604.txt_1_0" source="40604.txt_1_0" target="461540.txt_1_0"/>
    <edge id="430935.txt_1_1-46653.txt_9_1" source="46653.txt_9_1" target="430935.txt_1_1"/>
    <edge id="43733.txt_1_0-480047.txt_1_0" source="480047.txt_1_0" target="43733.txt_1_0"/>
    <edge id="308568.txt_1_0-46653.txt_9_0" source="46653.txt_9_0" target="308568.txt_1_0"/>
    <edge id="71011.txt_2_0-175519.txt_2_1" source="175519.txt_2_1" target="71011.txt_2_0"/>
    <edge id="310443.txt_1_1-464663.txt_1_1" source="464663.txt_1_1" target="310443.txt_1_1"/>
    <edge id="175519.txt_2_1-92454.txt_1_1" source="92454.txt_1_1" target="175519.txt_2_1"/>
    <edge id="429450.txt_5_1-43733.txt_1_0" source="43733.txt_1_0" target="429450.txt_5_1"/>
    <edge id="5436.txt_1_0-430935.txt_1_0" source="430935.txt_1_0" target="5436.txt_1_0"/>
    <edge id="379399.txt_1_0-430935.txt_1_0" source="430935.txt_1_0" target="379399.txt_1_0"/>
    <edge id="71011.txt_2_0-513573.txt_2_0" source="513573.txt_2_0" target="71011.txt_2_0"/>
    <edge id="46653.txt_9_1-92454.txt_1_0" source="92454.txt_1_0" target="46653.txt_9_1"/>
    <edge id="71011.txt_2_0-430935.txt_1_1" source="430935.txt_1_1" target="71011.txt_2_0"/>
    <edge id="310443.txt_1_1-446414.txt_1_0" source="446414.txt_1_0" target="310443.txt_1_1"/>
    <edge id="476365.txt_1_2-310443.txt_1_0" source="310443.txt_1_0" target="476365.txt_1_2"/>
    <edge id="429450.txt_5_1-476365.txt_1_0" source="476365.txt_1_0" target="429450.txt_5_1"/>
    <edge id="43733.txt_1_0-476365.txt_1_2" source="476365.txt_1_2" target="43733.txt_1_0"/>
    <edge id="310443.txt_1_0-40604.txt_1_0" source="40604.txt_1_0" target="310443.txt_1_0"/>
    <edge id="327258.txt_1_0-357315.txt_1_1" source="357315.txt_1_1" target="327258.txt_1_0"/>
    <edge id="493530.txt_1_1-430935.txt_1_0" source="430935.txt_1_0" target="493530.txt_1_1"/>
    <edge id="308568.txt_1_0-46653.txt_9_1" source="46653.txt_9_1" target="308568.txt_1_0"/>
    <edge id="493530.txt_1_1-92454.txt_1_1" source="92454.txt_1_1" target="493530.txt_1_1"/>
    <edge id="430935.txt_1_1-429450.txt_5_1" source="429450.txt_5_1" target="430935.txt_1_1"/>
    <edge id="464663.txt_1_1-464663.txt_1_0" source="464663.txt_1_0" target="464663.txt_1_1"/>
    <edge id="493530.txt_1_1-308568.txt_1_0" source="308568.txt_1_0" target="493530.txt_1_1"/>
    <edge id="430935.txt_1_1-175519.txt_2_0" source="175519.txt_2_0" target="430935.txt_1_1"/>
    <edge id="430935.txt_1_1-46653.txt_9_0" source="46653.txt_9_0" target="430935.txt_1_1"/>
    <edge id="175519.txt_2_1-446414.txt_1_0" source="446414.txt_1_0" target="175519.txt_2_1"/>
    <edge id="464663.txt_1_1-446414.txt_1_0" source="446414.txt_1_0" target="464663.txt_1_1"/>
    <edge id="461540.txt_1_0-480047.txt_1_0" source="480047.txt_1_0" target="461540.txt_1_0"/>
    <edge id="327258.txt_1_0-493530.txt_1_1" source="493530.txt_1_1" target="327258.txt_1_0"/>
    <edge id="464663.txt_1_1-40604.txt_1_0" source="40604.txt_1_0" target="464663.txt_1_1"/>
    <edge id="308568.txt_1_0-476365.txt_1_0" source="476365.txt_1_0" target="308568.txt_1_0"/>
    <edge id="429450.txt_5_1-464663.txt_1_0" source="464663.txt_1_0" target="429450.txt_5_1"/>
    <edge id="429450.txt_5_1-46653.txt_9_1" source="46653.txt_9_1" target="429450.txt_5_1"/>
    <edge id="430935.txt_1_1-43733.txt_1_0" source="43733.txt_1_0" target="430935.txt_1_1"/>
    <edge id="445827.txt_1_0-476365.txt_1_1" source="476365.txt_1_1" target="445827.txt_1_0"/>
    <edge id="92454.txt_1_3-476365.txt_1_1" source="476365.txt_1_1" target="92454.txt_1_3"/>
    <edge id="5436.txt_1_0-464663.txt_1_0" source="464663.txt_1_0" target="5436.txt_1_0"/>
    <edge id="379399.txt_1_0-464663.txt_1_0" source="464663.txt_1_0" target="379399.txt_1_0"/>
    <edge id="493530.txt_1_0-476365.txt_1_0" source="476365.txt_1_0" target="493530.txt_1_0"/>
    <edge id="46653.txt_9_1-357315.txt_1_0" source="357315.txt_1_0" target="46653.txt_9_1"/>
    <edge id="429450.txt_5_1-175519.txt_2_1" source="175519.txt_2_1" target="429450.txt_5_1"/>
    <edge id="175519.txt_2_1-461540.txt_1_0" source="461540.txt_1_0" target="175519.txt_2_1"/>
    <edge id="476365.txt_1_2-493530.txt_1_0" source="493530.txt_1_0" target="476365.txt_1_2"/>
    <edge id="476365.txt_1_2-445827.txt_1_0" source="445827.txt_1_0" target="476365.txt_1_2"/>
    <edge id="476365.txt_1_2-92454.txt_1_3" source="92454.txt_1_3" target="476365.txt_1_2"/>
    <edge id="429450.txt_5_1-46653.txt_9_0" source="46653.txt_9_0" target="429450.txt_5_1"/>
    <edge id="429450.txt_5_1-430935.txt_1_0" source="430935.txt_1_0" target="429450.txt_5_1"/>
    <edge id="71011.txt_2_0-480047.txt_1_0" source="480047.txt_1_0" target="71011.txt_2_0"/>
    <edge id="493530.txt_1_1-327258.txt_1_0" source="327258.txt_1_0" target="493530.txt_1_1"/>
    <edge id="310443.txt_1_1-175519.txt_2_1" source="175519.txt_2_1" target="310443.txt_1_1"/>
    <edge id="430935.txt_1_1-476365.txt_1_2" source="476365.txt_1_2" target="430935.txt_1_1"/>
    <edge id="308568.txt_1_0-71011.txt_2_0" source="71011.txt_2_0" target="308568.txt_1_0"/>
    <edge id="43733.txt_1_0-5436.txt_1_0" source="5436.txt_1_0" target="43733.txt_1_0"/>
    <edge id="43733.txt_1_0-379399.txt_1_0" source="379399.txt_1_0" target="43733.txt_1_0"/>
    <edge id="5436.txt_1_0-476365.txt_1_1" source="476365.txt_1_1" target="5436.txt_1_0"/>
    <edge id="379399.txt_1_0-476365.txt_1_1" source="476365.txt_1_1" target="379399.txt_1_0"/>
    <edge id="327258.txt_1_0-476365.txt_1_0" source="476365.txt_1_0" target="327258.txt_1_0"/>
    <edge id="476365.txt_1_2-464663.txt_1_1" source="464663.txt_1_1" target="476365.txt_1_2"/>
    <edge id="445827.txt_1_0-357315.txt_1_0" source="357315.txt_1_0" target="445827.txt_1_0"/>
    <edge id="92454.txt_1_3-357315.txt_1_0" source="357315.txt_1_0" target="92454.txt_1_3"/>
    <edge id="5436.txt_1_0-164111.txt_2_0" source="164111.txt_2_0" target="5436.txt_1_0"/>
    <edge id="379399.txt_1_0-164111.txt_2_0" source="164111.txt_2_0" target="379399.txt_1_0"/>
    <edge id="46653.txt_9_1-464663.txt_1_0" source="464663.txt_1_0" target="46653.txt_9_1"/>
    <edge id="46653.txt_9_1-40604.txt_1_0" source="40604.txt_1_0" target="46653.txt_9_1"/>
    <edge id="476365.txt_1_2-461540.txt_1_0" source="461540.txt_1_0" target="476365.txt_1_2"/>
    <edge id="327258.txt_1_0-429450.txt_5_1" source="429450.txt_5_1" target="327258.txt_1_0"/>
    <edge id="175519.txt_2_1-357315.txt_1_1" source="357315.txt_1_1" target="175519.txt_2_1"/>
    <edge id="310443.txt_1_1-46653.txt_9_0" source="46653.txt_9_0" target="310443.txt_1_1"/>
    <edge id="476365.txt_1_2-327258.txt_1_0" source="327258.txt_1_0" target="476365.txt_1_2"/>
    <edge id="175519.txt_2_1-493530.txt_1_1" source="493530.txt_1_1" target="175519.txt_2_1"/>
    <edge id="310443.txt_1_1-5436.txt_1_0" source="5436.txt_1_0" target="310443.txt_1_1"/>
    <edge id="310443.txt_1_1-379399.txt_1_0" source="379399.txt_1_0" target="310443.txt_1_1"/>
    <edge id="430935.txt_1_1-357315.txt_1_0" source="357315.txt_1_0" target="430935.txt_1_1"/>
    <edge id="461540.txt_1_0-308568.txt_1_0" source="308568.txt_1_0" target="461540.txt_1_0"/>
    <edge id="430935.txt_1_1-429450.txt_5_0" source="429450.txt_5_0" target="430935.txt_1_1"/>
    <edge id="493530.txt_1_1-461540.txt_1_0" source="461540.txt_1_0" target="493530.txt_1_1"/>
    <edge id="476365.txt_1_2-40604.txt_1_0" source="40604.txt_1_0" target="476365.txt_1_2"/>
    <edge id="430935.txt_1_1-476365.txt_1_0" source="476365.txt_1_0" target="430935.txt_1_1"/>
    <edge id="310443.txt_1_1-327258.txt_1_0" source="327258.txt_1_0" target="310443.txt_1_1"/>
    <edge id="308568.txt_1_0-446414.txt_1_0" source="446414.txt_1_0" target="308568.txt_1_0"/>
    <edge id="429450.txt_5_0-310443.txt_1_0" source="310443.txt_1_0" target="429450.txt_5_0"/>
    <edge id="430935.txt_1_1-493530.txt_1_1" source="493530.txt_1_1" target="430935.txt_1_1"/>
    <edge id="175519.txt_2_1-310443.txt_1_0" source="310443.txt_1_0" target="175519.txt_2_1"/>
    <edge id="464663.txt_1_1-445827.txt_1_0" source="445827.txt_1_0" target="464663.txt_1_1"/>
    <edge id="464663.txt_1_1-92454.txt_1_3" source="92454.txt_1_3" target="464663.txt_1_1"/>
    <edge id="71011.txt_2_0-446414.txt_1_0" source="446414.txt_1_0" target="71011.txt_2_0"/>
    <edge id="5436.txt_1_0-464663.txt_1_1" source="464663.txt_1_1" target="5436.txt_1_0"/>
    <edge id="379399.txt_1_0-464663.txt_1_1" source="464663.txt_1_1" target="379399.txt_1_0"/>
    <edge id="429450.txt_5_1-357315.txt_1_1" source="357315.txt_1_1" target="429450.txt_5_1"/>
    <edge id="43733.txt_1_0-310443.txt_1_1" source="310443.txt_1_1" target="43733.txt_1_0"/>
    <edge id="461540.txt_1_0-175519.txt_2_0" source="175519.txt_2_0" target="461540.txt_1_0"/>
    <edge id="493530.txt_1_1-480047.txt_1_0" source="480047.txt_1_0" target="493530.txt_1_1"/>
    <edge id="71011.txt_2_0-461540.txt_1_0" source="461540.txt_1_0" target="71011.txt_2_0"/>
    <edge id="43733.txt_1_0-175519.txt_2_0" source="175519.txt_2_0" target="43733.txt_1_0"/>
    <edge id="461540.txt_1_0-310443.txt_1_1" source="310443.txt_1_1" target="461540.txt_1_0"/>
    <edge id="430935.txt_1_1-327258.txt_1_0" source="327258.txt_1_0" target="430935.txt_1_1"/>
    <edge id="461540.txt_1_0-493530.txt_1_1" source="493530.txt_1_1" target="461540.txt_1_0"/>
    <edge id="327258.txt_1_0-493530.txt_1_0" source="493530.txt_1_0" target="327258.txt_1_0"/>
    <edge id="461540.txt_1_0-92454.txt_1_1" source="92454.txt_1_1" target="461540.txt_1_0"/>
    <edge id="164111.txt_2_0-175519.txt_2_0" source="175519.txt_2_0" target="164111.txt_2_0"/>
    <edge id="71011.txt_2_0-493530.txt_1_0" source="493530.txt_1_0" target="71011.txt_2_0"/>
    <edge id="430935.txt_1_1-164111.txt_2_0" source="164111.txt_2_0" target="430935.txt_1_1"/>
    <edge id="429450.txt_5_1-476365.txt_1_2" source="476365.txt_1_2" target="429450.txt_5_1"/>
    <edge id="476365.txt_1_2-5436.txt_1_0" source="5436.txt_1_0" target="476365.txt_1_2"/>
    <edge id="476365.txt_1_2-379399.txt_1_0" source="379399.txt_1_0" target="476365.txt_1_2"/>
    <edge id="429450.txt_5_1-92454.txt_1_1" source="92454.txt_1_1" target="429450.txt_5_1"/>
    <edge id="46653.txt_9_1-476365.txt_1_1" source="476365.txt_1_1" target="46653.txt_9_1"/>
    <edge id="310443.txt_1_1-71011.txt_2_0" source="71011.txt_2_0" target="310443.txt_1_1"/>
    <edge id="71011.txt_2_0-46653.txt_9_0" source="46653.txt_9_0" target="71011.txt_2_0"/>
    <edge id="310443.txt_1_1-493530.txt_1_1" source="493530.txt_1_1" target="310443.txt_1_1"/>
    <edge id="476365.txt_1_2-357315.txt_1_0" source="357315.txt_1_0" target="476365.txt_1_2"/>
    <edge id="461540.txt_1_0-493530.txt_1_0" source="493530.txt_1_0" target="461540.txt_1_0"/>
    <edge id="71011.txt_2_0-164111.txt_2_0" source="164111.txt_2_0" target="71011.txt_2_0"/>
    <edge id="327258.txt_1_0-175519.txt_2_1" source="175519.txt_2_1" target="327258.txt_1_0"/>
    <edge id="308568.txt_1_0-430935.txt_1_1" source="430935.txt_1_1" target="308568.txt_1_0"/>
    <edge id="493530.txt_1_1-429450.txt_5_0" source="429450.txt_5_0" target="493530.txt_1_1"/>
    <edge id="310443.txt_1_1-308568.txt_1_0" source="308568.txt_1_0" target="310443.txt_1_1"/>
    <edge id="175519.txt_2_1-476365.txt_1_2" source="476365.txt_1_2" target="175519.txt_2_1"/>
    <edge id="46653.txt_9_1-493530.txt_1_0" source="493530.txt_1_0" target="46653.txt_9_1"/>
    <edge id="445827.txt_1_0-476365.txt_1_2" source="476365.txt_1_2" target="445827.txt_1_0"/>
    <edge id="92454.txt_1_3-476365.txt_1_2" source="476365.txt_1_2" target="92454.txt_1_3"/>
    <edge id="464663.txt_1_1-310443.txt_1_0" source="310443.txt_1_0" target="464663.txt_1_1"/>
    <edge id="308568.txt_1_0-464663.txt_1_0" source="464663.txt_1_0" target="308568.txt_1_0"/>
    <edge id="310443.txt_1_1-461540.txt_1_0" source="461540.txt_1_0" target="310443.txt_1_1"/>
    <edge id="43733.txt_1_0-461540.txt_1_0" source="461540.txt_1_0" target="43733.txt_1_0"/>
    <edge id="445827.txt_1_0-429450.txt_5_0" source="429450.txt_5_0" target="445827.txt_1_0"/>
    <edge id="92454.txt_1_3-429450.txt_5_0" source="429450.txt_5_0" target="92454.txt_1_3"/>
    <edge id="476365.txt_1_2-164111.txt_2_0" source="164111.txt_2_0" target="476365.txt_1_2"/>
    <edge id="71011.txt_2_0-92454.txt_1_2" source="92454.txt_1_2" target="71011.txt_2_0"/>
    <edge id="445827.txt_1_0-476365.txt_1_0" source="476365.txt_1_0" target="445827.txt_1_0"/>
    <edge id="92454.txt_1_3-476365.txt_1_0" source="476365.txt_1_0" target="92454.txt_1_3"/>
    <edge id="40604.txt_1_0-513573.txt_2_0" source="513573.txt_2_0" target="40604.txt_1_0"/>
    <edge id="43733.txt_1_0-430935.txt_1_0" source="430935.txt_1_0" target="43733.txt_1_0"/>
    <edge id="310443.txt_1_0-476365.txt_1_0" source="476365.txt_1_0" target="310443.txt_1_0"/>
    <edge id="310443.txt_1_1-513573.txt_2_0" source="513573.txt_2_0" target="310443.txt_1_1"/>
    <edge id="430935.txt_1_1-92454.txt_1_0" source="92454.txt_1_0" target="430935.txt_1_1"/>
    <edge id="310443.txt_1_1-310443.txt_1_0" source="310443.txt_1_0" target="310443.txt_1_1"/>
    <edge id="40604.txt_1_0-476365.txt_1_0" source="476365.txt_1_0" target="40604.txt_1_0"/>
    <edge id="175519.txt_2_1-308568.txt_1_0" source="308568.txt_1_0" target="175519.txt_2_1"/>
    <edge id="461540.txt_1_0-43733.txt_1_0" source="43733.txt_1_0" target="461540.txt_1_0"/>
    <edge id="445827.txt_1_0-310443.txt_1_1" source="310443.txt_1_1" target="445827.txt_1_0"/>
    <edge id="92454.txt_1_3-310443.txt_1_1" source="310443.txt_1_1" target="92454.txt_1_3"/>
    <edge id="327258.txt_1_0-430935.txt_1_1" source="430935.txt_1_1" target="327258.txt_1_0"/>
    <edge id="43733.txt_1_0-310443.txt_1_0" source="310443.txt_1_0" target="43733.txt_1_0"/>
    <edge id="43733.txt_1_0-92454.txt_1_0" source="92454.txt_1_0" target="43733.txt_1_0"/>
    <edge id="429450.txt_5_0-40604.txt_1_0" source="40604.txt_1_0" target="429450.txt_5_0"/>
    <edge id="445827.txt_1_0-493530.txt_1_0" source="493530.txt_1_0" target="445827.txt_1_0"/>
    <edge id="92454.txt_1_3-493530.txt_1_0" source="493530.txt_1_0" target="92454.txt_1_3"/>
    <edge id="175519.txt_2_1-310443.txt_1_1" source="310443.txt_1_1" target="175519.txt_2_1"/>
    <edge id="71011.txt_2_0-464663.txt_1_0" source="464663.txt_1_0" target="71011.txt_2_0"/>
    <edge id="310443.txt_1_1-357315.txt_1_1" source="357315.txt_1_1" target="310443.txt_1_1"/>
    <edge id="46653.txt_9_1-92454.txt_1_2" source="92454.txt_1_2" target="46653.txt_9_1"/>
    <edge id="327258.txt_1_0-310443.txt_1_1" source="310443.txt_1_1" target="327258.txt_1_0"/>
    <edge id="71011.txt_2_0-308568.txt_1_0" source="308568.txt_1_0" target="71011.txt_2_0"/>
    <edge id="71011.txt_2_0-464663.txt_1_1" source="464663.txt_1_1" target="71011.txt_2_0"/>
    <edge id="5436.txt_1_0-476365.txt_1_2" source="476365.txt_1_2" target="5436.txt_1_0"/>
    <edge id="379399.txt_1_0-476365.txt_1_2" source="476365.txt_1_2" target="379399.txt_1_0"/>
    <edge id="310443.txt_1_1-480047.txt_1_0" source="480047.txt_1_0" target="310443.txt_1_1"/>
    <edge id="493530.txt_1_1-175519.txt_2_0" source="175519.txt_2_0" target="493530.txt_1_1"/>
    <edge id="43733.txt_1_0-308568.txt_1_0" source="308568.txt_1_0" target="43733.txt_1_0"/>
    <edge id="461540.txt_1_0-357315.txt_1_1" source="357315.txt_1_1" target="461540.txt_1_0"/>
    <edge id="429450.txt_5_1-175519.txt_2_0" source="175519.txt_2_0" target="429450.txt_5_1"/>
    <edge id="493530.txt_1_1-175519.txt_2_1" source="175519.txt_2_1" target="493530.txt_1_1"/>
    <edge id="445827.txt_1_0-464663.txt_1_0" source="464663.txt_1_0" target="445827.txt_1_0"/>
    <edge id="92454.txt_1_3-464663.txt_1_0" source="464663.txt_1_0" target="92454.txt_1_3"/>
    <edge id="493530.txt_1_1-429450.txt_5_1" source="429450.txt_5_1" target="493530.txt_1_1"/>
    <edge id="175519.txt_2_1-43733.txt_1_0" source="43733.txt_1_0" target="175519.txt_2_1"/>
    <edge id="327258.txt_1_0-46653.txt_9_0" source="46653.txt_9_0" target="327258.txt_1_0"/>
    <edge id="461540.txt_1_0-327258.txt_1_0" source="327258.txt_1_0" target="461540.txt_1_0"/>
    <edge id="327258.txt_1_0-464663.txt_1_1" source="464663.txt_1_1" target="327258.txt_1_0"/>
    <edge id="5436.txt_1_0-310443.txt_1_0" source="310443.txt_1_0" target="5436.txt_1_0"/>
    <edge id="379399.txt_1_0-310443.txt_1_0" source="310443.txt_1_0" target="379399.txt_1_0"/>
    <edge id="308568.txt_1_0-92454.txt_1_0" source="92454.txt_1_0" target="308568.txt_1_0"/>
    <edge id="461540.txt_1_0-5436.txt_1_0" source="5436.txt_1_0" target="461540.txt_1_0"/>
    <edge id="461540.txt_1_0-379399.txt_1_0" source="379399.txt_1_0" target="461540.txt_1_0"/>
    <edge id="445827.txt_1_0-429450.txt_5_1" source="429450.txt_5_1" target="445827.txt_1_0"/>
    <edge id="92454.txt_1_3-429450.txt_5_1" source="429450.txt_5_1" target="92454.txt_1_3"/>
    <edge id="464663.txt_1_1-46653.txt_9_1" source="46653.txt_9_1" target="464663.txt_1_1"/>
    <edge id="5436.txt_1_0-92454.txt_1_0" source="92454.txt_1_0" target="5436.txt_1_0"/>
    <edge id="379399.txt_1_0-92454.txt_1_0" source="92454.txt_1_0" target="379399.txt_1_0"/>
    <edge id="46653.txt_9_1-430935.txt_1_1" source="430935.txt_1_1" target="46653.txt_9_1"/>
    <edge id="175519.txt_2_1-71011.txt_2_0" source="71011.txt_2_0" target="175519.txt_2_1"/>
    <edge id="5436.txt_1_0-327258.txt_1_0" source="327258.txt_1_0" target="5436.txt_1_0"/>
    <edge id="379399.txt_1_0-327258.txt_1_0" source="327258.txt_1_0" target="379399.txt_1_0"/>
    <edge id="175519.txt_2_1-327258.txt_1_0" source="327258.txt_1_0" target="175519.txt_2_1"/>
    <edge id="461540.txt_1_0-429450.txt_5_0" source="429450.txt_5_0" target="461540.txt_1_0"/>
    <edge id="357315.txt_1_1-357315.txt_1_0" source="357315.txt_1_0" target="357315.txt_1_1"/>
    <edge id="464663.txt_1_1-480047.txt_1_0" source="480047.txt_1_0" target="464663.txt_1_1"/>
    <edge id="308568.txt_1_0-310443.txt_1_0" source="310443.txt_1_0" target="308568.txt_1_0"/>
    <edge id="430935.txt_1_1-175519.txt_2_1" source="175519.txt_2_1" target="430935.txt_1_1"/>
    <edge id="461540.txt_1_0-46653.txt_9_1" source="46653.txt_9_1" target="461540.txt_1_0"/>
    <edge id="429450.txt_5_1-92454.txt_1_0" source="92454.txt_1_0" target="429450.txt_5_1"/>
    <edge id="175519.txt_2_1-46653.txt_9_1" source="46653.txt_9_1" target="175519.txt_2_1"/>
    <edge id="476365.txt_1_2-43733.txt_1_0" source="43733.txt_1_0" target="476365.txt_1_2"/>
    <edge id="480047.txt_1_0-513573.txt_2_0" source="513573.txt_2_0" target="480047.txt_1_0"/>
    <edge id="308568.txt_1_0-5436.txt_1_0" source="5436.txt_1_0" target="308568.txt_1_0"/>
    <edge id="308568.txt_1_0-379399.txt_1_0" source="379399.txt_1_0" target="308568.txt_1_0"/>
    <edge id="43733.txt_1_0-429450.txt_5_1" source="429450.txt_5_1" target="43733.txt_1_0"/>
    <edge id="445827.txt_1_0-46653.txt_9_1" source="46653.txt_9_1" target="445827.txt_1_0"/>
    <edge id="92454.txt_1_3-46653.txt_9_1" source="46653.txt_9_1" target="92454.txt_1_3"/>
    <edge id="71011.txt_2_0-175519.txt_2_0" source="175519.txt_2_0" target="71011.txt_2_0"/>
    <edge id="71011.txt_2_0-476365.txt_1_0" source="476365.txt_1_0" target="71011.txt_2_0"/>
    <edge id="429450.txt_5_1-430935.txt_1_1" source="430935.txt_1_1" target="429450.txt_5_1"/>
    <edge id="430935.txt_1_1-480047.txt_1_0" source="480047.txt_1_0" target="430935.txt_1_1"/>
    <edge id="92454.txt_1_1-92454.txt_1_0" source="92454.txt_1_0" target="92454.txt_1_1"/>
    <edge id="308568.txt_1_0-476365.txt_1_2" source="476365.txt_1_2" target="308568.txt_1_0"/>
    <edge id="445827.txt_1_0-40604.txt_1_0" source="40604.txt_1_0" target="445827.txt_1_0"/>
    <edge id="92454.txt_1_3-40604.txt_1_0" source="40604.txt_1_0" target="92454.txt_1_3"/>
    <edge id="327258.txt_1_0-175519.txt_2_0" source="175519.txt_2_0" target="327258.txt_1_0"/>
    <edge id="308568.txt_1_0-480047.txt_1_0" source="480047.txt_1_0" target="308568.txt_1_0"/>
    <edge id="327258.txt_1_0-310443.txt_1_0" source="310443.txt_1_0" target="327258.txt_1_0"/>
    <edge id="430935.txt_1_1-357315.txt_1_1" source="357315.txt_1_1" target="430935.txt_1_1"/>
    <edge id="308568.txt_1_0-92454.txt_1_1" source="92454.txt_1_1" target="308568.txt_1_0"/>
    <edge id="46653.txt_9_1-164111.txt_2_0" source="164111.txt_2_0" target="46653.txt_9_1"/>
    <edge id="464663.txt_1_1-327258.txt_1_0" source="327258.txt_1_0" target="464663.txt_1_1"/>
    <edge id="446414.txt_1_0-357315.txt_1_1" source="357315.txt_1_1" target="446414.txt_1_0"/>
    <edge id="476365.txt_1_2-46653.txt_9_1" source="46653.txt_9_1" target="476365.txt_1_2"/>
    <edge id="430935.txt_1_1-92454.txt_1_2" source="92454.txt_1_2" target="430935.txt_1_1"/>
    <edge id="175519.txt_2_1-480047.txt_1_0" source="480047.txt_1_0" target="175519.txt_2_1"/>
    <edge id="43733.txt_1_0-464663.txt_1_1" source="464663.txt_1_1" target="43733.txt_1_0"/>
    <edge id="429450.txt_5_0-476365.txt_1_0" source="476365.txt_1_0" target="429450.txt_5_0"/>
    <edge id="461540.txt_1_0-476365.txt_1_1" source="476365.txt_1_1" target="461540.txt_1_0"/>
    <edge id="46653.txt_9_1-310443.txt_1_0" source="310443.txt_1_0" target="46653.txt_9_1"/>
    <edge id="175519.txt_2_1-429450.txt_5_0" source="429450.txt_5_0" target="175519.txt_2_1"/>
    <edge id="71011.txt_2_0-429450.txt_5_1" source="429450.txt_5_1" target="71011.txt_2_0"/>
    <edge id="464663.txt_1_1-429450.txt_5_1" source="429450.txt_5_1" target="464663.txt_1_1"/>
    <edge id="464663.txt_1_1-92454.txt_1_1" source="92454.txt_1_1" target="464663.txt_1_1"/>
    <edge id="430935.txt_1_1-310443.txt_1_1" source="310443.txt_1_1" target="430935.txt_1_1"/>
    <edge id="476365.txt_1_2-71011.txt_2_0" source="71011.txt_2_0" target="476365.txt_1_2"/>
    <edge id="464663.txt_1_1-175519.txt_2_1" source="175519.txt_2_1" target="464663.txt_1_1"/>
    <edge id="71011.txt_2_0-46653.txt_9_1" source="46653.txt_9_1" target="71011.txt_2_0"/>
    <edge id="429450.txt_5_1-40604.txt_1_0" source="40604.txt_1_0" target="429450.txt_5_1"/>
    <edge id="464663.txt_1_1-476365.txt_1_2" source="476365.txt_1_2" target="464663.txt_1_1"/>
    <edge id="43733.txt_1_0-164111.txt_2_0" source="164111.txt_2_0" target="43733.txt_1_0"/>
    <edge id="445827.txt_1_0-92454.txt_1_2" source="92454.txt_1_2" target="445827.txt_1_0"/>
    <edge id="92454.txt_1_3-92454.txt_1_2" source="92454.txt_1_2" target="92454.txt_1_3"/>
    <edge id="429450.txt_5_1-357315.txt_1_0" source="357315.txt_1_0" target="429450.txt_5_1"/>
    <edge id="71011.txt_2_0-357315.txt_1_1" source="357315.txt_1_1" target="71011.txt_2_0"/>
    <edge id="327258.txt_1_0-92454.txt_1_2" source="92454.txt_1_2" target="327258.txt_1_0"/>
    <edge id="430935.txt_1_1-40604.txt_1_0" source="40604.txt_1_0" target="430935.txt_1_1"/>
    <edge id="493530.txt_1_1-43733.txt_1_0" source="43733.txt_1_0" target="493530.txt_1_1"/>
    <edge id="493530.txt_1_1-464663.txt_1_1" source="464663.txt_1_1" target="493530.txt_1_1"/>
    <edge id="5436.txt_1_0-513573.txt_2_0" source="513573.txt_2_0" target="5436.txt_1_0"/>
    <edge id="379399.txt_1_0-513573.txt_2_0" source="513573.txt_2_0" target="379399.txt_1_0"/>
    <edge id="46653.txt_9_0-476365.txt_1_1" source="476365.txt_1_1" target="46653.txt_9_0"/>
    <edge id="464663.txt_1_1-164111.txt_2_0" source="164111.txt_2_0" target="464663.txt_1_1"/>
    <edge id="430935.txt_1_1-430935.txt_1_0" source="430935.txt_1_0" target="430935.txt_1_1"/>
    <edge id="461540.txt_1_0-476365.txt_1_2" source="476365.txt_1_2" target="461540.txt_1_0"/>
    <edge id="430935.txt_1_1-5436.txt_1_0" source="5436.txt_1_0" target="430935.txt_1_1"/>
    <edge id="430935.txt_1_1-379399.txt_1_0" source="379399.txt_1_0" target="430935.txt_1_1"/>
    <edge id="461540.txt_1_0-464663.txt_1_0" source="464663.txt_1_0" target="461540.txt_1_0"/>
    <edge id="445827.txt_1_0-92454.txt_1_0" source="92454.txt_1_0" target="445827.txt_1_0"/>
    <edge id="92454.txt_1_3-92454.txt_1_0" source="92454.txt_1_0" target="92454.txt_1_3"/>
    <edge id="327258.txt_1_0-476365.txt_1_2" source="476365.txt_1_2" target="327258.txt_1_0"/>
    <edge id="46653.txt_9_1-476365.txt_1_2" source="476365.txt_1_2" target="46653.txt_9_1"/>
    <edge id="175519.txt_2_1-357315.txt_1_0" source="357315.txt_1_0" target="175519.txt_2_1"/>
    <edge id="46653.txt_9_1-357315.txt_1_1" source="357315.txt_1_1" target="46653.txt_9_1"/>
    <edge id="464663.txt_1_1-357315.txt_1_0" source="357315.txt_1_0" target="464663.txt_1_1"/>
    <edge id="430935.txt_1_1-310443.txt_1_0" source="310443.txt_1_0" target="430935.txt_1_1"/>
    <edge id="5436.txt_1_0-493530.txt_1_0" source="493530.txt_1_0" target="5436.txt_1_0"/>
    <edge id="379399.txt_1_0-493530.txt_1_0" source="493530.txt_1_0" target="379399.txt_1_0"/>
    <edge id="429450.txt_5_1-71011.txt_2_0" source="71011.txt_2_0" target="429450.txt_5_1"/>
    <edge id="476365.txt_1_2-464663.txt_1_0" source="464663.txt_1_0" target="476365.txt_1_2"/>
    <edge id="464663.txt_1_1-308568.txt_1_0" source="308568.txt_1_0" target="464663.txt_1_1"/>
    <edge id="493530.txt_1_1-310443.txt_1_1" source="310443.txt_1_1" target="493530.txt_1_1"/>
    <edge id="71011.txt_2_0-476365.txt_1_2" source="476365.txt_1_2" target="71011.txt_2_0"/>
    <edge id="310443.txt_1_1-357315.txt_1_0" source="357315.txt_1_0" target="310443.txt_1_1"/>
    <edge id="43733.txt_1_0-446414.txt_1_0" source="446414.txt_1_0" target="43733.txt_1_0"/>
    <edge id="71011.txt_2_0-327258.txt_1_0" source="327258.txt_1_0" target="71011.txt_2_0"/>
    <edge id="493530.txt_1_1-71011.txt_2_0" source="71011.txt_2_0" target="493530.txt_1_1"/>
    <edge id="464663.txt_1_1-430935.txt_1_0" source="430935.txt_1_0" target="464663.txt_1_1"/>
    <edge id="493530.txt_1_1-513573.txt_2_0" source="513573.txt_2_0" target="493530.txt_1_1"/>
    <edge id="493530.txt_1_0-476365.txt_1_1" source="476365.txt_1_1" target="493530.txt_1_0"/>
    <edge id="445827.txt_1_0-430935.txt_1_0" source="430935.txt_1_0" target="445827.txt_1_0"/>
    <edge id="92454.txt_1_3-430935.txt_1_0" source="430935.txt_1_0" target="92454.txt_1_3"/>
    <edge id="430935.txt_1_1-71011.txt_2_0" source="71011.txt_2_0" target="430935.txt_1_1"/>
    <edge id="476365.txt_1_2-92454.txt_1_2" source="92454.txt_1_2" target="476365.txt_1_2"/>
    <edge id="461540.txt_1_0-445827.txt_1_0" source="445827.txt_1_0" target="461540.txt_1_0"/>
    <edge id="461540.txt_1_0-92454.txt_1_3" source="92454.txt_1_3" target="461540.txt_1_0"/>
    <edge id="175519.txt_2_1-5436.txt_1_0" source="5436.txt_1_0" target="175519.txt_2_1"/>
    <edge id="175519.txt_2_1-379399.txt_1_0" source="379399.txt_1_0" target="175519.txt_2_1"/>
    <edge id="40604.txt_1_0-310443.txt_1_0" source="310443.txt_1_0" target="40604.txt_1_0"/>
    <edge id="5436.txt_1_0-71011.txt_2_0" source="71011.txt_2_0" target="5436.txt_1_0"/>
    <edge id="379399.txt_1_0-71011.txt_2_0" source="71011.txt_2_0" target="379399.txt_1_0"/>
    <edge id="430935.txt_1_1-464663.txt_1_1" source="464663.txt_1_1" target="430935.txt_1_1"/>
    <edge id="43733.txt_1_0-40604.txt_1_0" source="40604.txt_1_0" target="43733.txt_1_0"/>
    <edge id="464663.txt_1_1-461540.txt_1_0" source="461540.txt_1_0" target="464663.txt_1_1"/>
    <edge id="429450.txt_5_1-513573.txt_2_0" source="513573.txt_2_0" target="429450.txt_5_1"/>
    <edge id="461540.txt_1_0-476365.txt_1_0" source="476365.txt_1_0" target="461540.txt_1_0"/>
    <edge id="43733.txt_1_0-46653.txt_9_1" source="46653.txt_9_1" target="43733.txt_1_0"/>
    <edge id="461540.txt_1_0-310443.txt_1_0" source="310443.txt_1_0" target="461540.txt_1_0"/>
    <edge id="445827.txt_1_0-446414.txt_1_0" source="446414.txt_1_0" target="445827.txt_1_0"/>
    <edge id="92454.txt_1_3-446414.txt_1_0" source="446414.txt_1_0" target="92454.txt_1_3"/>
    <edge id="476365.txt_1_2-430935.txt_1_0" source="430935.txt_1_0" target="476365.txt_1_2"/>
    <edge id="464663.txt_1_1-429450.txt_5_0" source="429450.txt_5_0" target="464663.txt_1_1"/>
    <edge id="493530.txt_1_1-464663.txt_1_0" source="464663.txt_1_0" target="493530.txt_1_1"/>
    <edge id="461540.txt_1_0-92454.txt_1_0" source="92454.txt_1_0" target="461540.txt_1_0"/>
    <edge id="476365.txt_1_2-92454.txt_1_0" source="92454.txt_1_0" target="476365.txt_1_2"/>
    <edge id="464663.txt_1_1-476365.txt_1_1" source="476365.txt_1_1" target="464663.txt_1_1"/>
    <edge id="461540.txt_1_0-513573.txt_2_0" source="513573.txt_2_0" target="461540.txt_1_0"/>
    <edge id="464663.txt_1_1-46653.txt_9_0" source="46653.txt_9_0" target="464663.txt_1_1"/>
    <edge id="429450.txt_5_1-327258.txt_1_0" source="327258.txt_1_0" target="429450.txt_5_1"/>
    <edge id="327258.txt_1_0-43733.txt_1_0" source="43733.txt_1_0" target="327258.txt_1_0"/>
    <edge id="476365.txt_1_2-92454.txt_1_1" source="92454.txt_1_1" target="476365.txt_1_2"/>
    <edge id="46653.txt_9_1-71011.txt_2_0" source="71011.txt_2_0" target="46653.txt_9_1"/>
    <edge id="327258.txt_1_0-430935.txt_1_0" source="430935.txt_1_0" target="327258.txt_1_0"/>
    <edge id="327258.txt_1_0-92454.txt_1_0" source="92454.txt_1_0" target="327258.txt_1_0"/>
    <edge id="493530.txt_1_1-446414.txt_1_0" source="446414.txt_1_0" target="493530.txt_1_1"/>
    <edge id="476365.txt_1_2-513573.txt_2_0" source="513573.txt_2_0" target="476365.txt_1_2"/>
    <edge id="71011.txt_2_0-476365.txt_1_1" source="476365.txt_1_1" target="71011.txt_2_0"/>
    <edge id="46653.txt_9_1-480047.txt_1_0" source="480047.txt_1_0" target="46653.txt_9_1"/>
    <edge id="175519.txt_2_1-92454.txt_1_0" source="92454.txt_1_0" target="175519.txt_2_1"/>
    <edge id="46653.txt_9_1-310443.txt_1_1" source="310443.txt_1_1" target="46653.txt_9_1"/>
    <edge id="310443.txt_1_1-476365.txt_1_2" source="476365.txt_1_2" target="310443.txt_1_1"/>
    <edge id="5436.txt_1_0-40604.txt_1_0" source="40604.txt_1_0" target="5436.txt_1_0"/>
    <edge id="379399.txt_1_0-40604.txt_1_0" source="40604.txt_1_0" target="379399.txt_1_0"/>
    <edge id="43733.txt_1_0-429450.txt_5_0" source="429450.txt_5_0" target="43733.txt_1_0"/>
    <edge id="310443.txt_1_0-429450.txt_5_0" source="429450.txt_5_0" target="310443.txt_1_0"/>
    <edge id="461540.txt_1_0-175519.txt_2_1" source="175519.txt_2_1" target="461540.txt_1_0"/>
    <edge id="43733.txt_1_0-357315.txt_1_0" source="357315.txt_1_0" target="43733.txt_1_0"/>
    <edge id="308568.txt_1_0-40604.txt_1_0" source="40604.txt_1_0" target="308568.txt_1_0"/>
    <edge id="464663.txt_1_1-476365.txt_1_0" source="476365.txt_1_0" target="464663.txt_1_1"/>
    <edge id="310443.txt_1_1-429450.txt_5_0" source="429450.txt_5_0" target="310443.txt_1_1"/>
    <edge id="445827.txt_1_0-175519.txt_2_0" source="175519.txt_2_0" target="445827.txt_1_0"/>
    <edge id="92454.txt_1_3-175519.txt_2_0" source="175519.txt_2_0" target="92454.txt_1_3"/>
    <edge id="71011.txt_2_0-310443.txt_1_1" source="310443.txt_1_1" target="71011.txt_2_0"/>
    <edge id="310443.txt_1_1-430935.txt_1_1" source="430935.txt_1_1" target="310443.txt_1_1"/>
    <edge id="46653.txt_9_1-430935.txt_1_0" source="430935.txt_1_0" target="46653.txt_9_1"/>
    <edge id="327258.txt_1_0-461540.txt_1_0" source="461540.txt_1_0" target="327258.txt_1_0"/>
    <edge id="46653.txt_9_0-92454.txt_1_1" source="92454.txt_1_1" target="46653.txt_9_0"/>
    <edge id="43733.txt_1_0-445827.txt_1_0" source="445827.txt_1_0" target="43733.txt_1_0"/>
    <edge id="43733.txt_1_0-92454.txt_1_3" source="92454.txt_1_3" target="43733.txt_1_0"/>
    <edge id="464663.txt_1_0-357315.txt_1_1" source="357315.txt_1_1" target="464663.txt_1_0"/>
    <edge id="445827.txt_1_0-327258.txt_1_0" source="327258.txt_1_0" target="445827.txt_1_0"/>
    <edge id="92454.txt_1_3-327258.txt_1_0" source="327258.txt_1_0" target="92454.txt_1_3"/>
    <edge id="43733.txt_1_0-92454.txt_1_1" source="92454.txt_1_1" target="43733.txt_1_0"/>
    <edge id="71011.txt_2_0-92454.txt_1_1" source="92454.txt_1_1" target="71011.txt_2_0"/>
    <edge id="5436.txt_1_0-476365.txt_1_0" source="476365.txt_1_0" target="5436.txt_1_0"/>
    <edge id="379399.txt_1_0-476365.txt_1_0" source="476365.txt_1_0" target="379399.txt_1_0"/>
    <edge id="43733.txt_1_0-357315.txt_1_1" source="357315.txt_1_1" target="43733.txt_1_0"/>
    <edge id="310443.txt_1_0-513573.txt_2_0" source="513573.txt_2_0" target="310443.txt_1_0"/>
    <edge id="92454.txt_1_2-92454.txt_1_0" source="92454.txt_1_0" target="92454.txt_1_2"/>
    <edge id="5436.txt_1_0-43733.txt_1_0" source="43733.txt_1_0" target="5436.txt_1_0"/>
    <edge id="379399.txt_1_0-43733.txt_1_0" source="43733.txt_1_0" target="379399.txt_1_0"/>
    <edge id="175519.txt_2_1-464663.txt_1_1" source="464663.txt_1_1" target="175519.txt_2_1"/>
    <edge id="308568.txt_1_0-43733.txt_1_0" source="43733.txt_1_0" target="308568.txt_1_0"/>
    <edge id="46653.txt_9_1-513573.txt_2_0" source="513573.txt_2_0" target="46653.txt_9_1"/>
    <edge id="476365.txt_1_2-430935.txt_1_1" source="430935.txt_1_1" target="476365.txt_1_2"/>
    <edge id="464663.txt_1_0-446414.txt_1_0" source="446414.txt_1_0" target="464663.txt_1_0"/>
    <edge id="310443.txt_1_1-429450.txt_5_1" source="429450.txt_5_1" target="310443.txt_1_1"/>
    <edge id="357315.txt_1_1-464663.txt_1_0" source="464663.txt_1_0" target="357315.txt_1_1"/>
    <edge id="476365.txt_1_2-308568.txt_1_0" source="308568.txt_1_0" target="476365.txt_1_2"/>
    <edge id="310443.txt_1_1-464663.txt_1_0" source="464663.txt_1_0" target="310443.txt_1_1"/>
    <edge id="327258.txt_1_0-5436.txt_1_0" source="5436.txt_1_0" target="327258.txt_1_0"/>
    <edge id="327258.txt_1_0-379399.txt_1_0" source="379399.txt_1_0" target="327258.txt_1_0"/>
    <edge id="5436.txt_1_0-430935.txt_1_1" source="430935.txt_1_1" target="5436.txt_1_0"/>
    <edge id="379399.txt_1_0-430935.txt_1_1" source="430935.txt_1_1" target="379399.txt_1_0"/>
    <edge id="445827.txt_1_0-493530.txt_1_1" source="493530.txt_1_1" target="445827.txt_1_0"/>
    <edge id="92454.txt_1_3-493530.txt_1_1" source="493530.txt_1_1" target="92454.txt_1_3"/>
    <edge id="429450.txt_5_1-493530.txt_1_0" source="493530.txt_1_0" target="429450.txt_5_1"/>
    <edge id="445827.txt_1_0-71011.txt_2_0" source="71011.txt_2_0" target="445827.txt_1_0"/>
    <edge id="92454.txt_1_3-71011.txt_2_0" source="71011.txt_2_0" target="92454.txt_1_3"/>
    <edge id="464663.txt_1_1-357315.txt_1_1" source="357315.txt_1_1" target="464663.txt_1_1"/>
    <edge id="476365.txt_1_2-175519.txt_2_0" source="175519.txt_2_0" target="476365.txt_1_2"/>
    <edge id="327258.txt_1_0-464663.txt_1_0" source="464663.txt_1_0" target="327258.txt_1_0"/>
    <edge id="327258.txt_1_0-164111.txt_2_0" source="164111.txt_2_0" target="327258.txt_1_0"/>
    <edge id="493530.txt_1_1-476365.txt_1_1" source="476365.txt_1_1" target="493530.txt_1_1"/>
    <edge id="430935.txt_1_1-476365.txt_1_1" source="476365.txt_1_1" target="430935.txt_1_1"/>
    <edge id="476365.txt_1_2-175519.txt_2_1" source="175519.txt_2_1" target="476365.txt_1_2"/>
    <edge id="46653.txt_9_1-445827.txt_1_0" source="445827.txt_1_0" target="46653.txt_9_1"/>
    <edge id="46653.txt_9_1-92454.txt_1_3" source="92454.txt_1_3" target="46653.txt_9_1"/>
    <edge id="476365.txt_1_2-429450.txt_5_1" source="429450.txt_5_1" target="476365.txt_1_2"/>
    <edge id="464663.txt_1_1-175519.txt_2_0" source="175519.txt_2_0" target="464663.txt_1_1"/>
    <edge id="429450.txt_5_1-493530.txt_1_1" source="493530.txt_1_1" target="429450.txt_5_1"/>
    <edge id="46653.txt_9_1-175519.txt_2_1" source="175519.txt_2_1" target="46653.txt_9_1"/>
    <edge id="430935.txt_1_1-493530.txt_1_0" source="493530.txt_1_0" target="430935.txt_1_1"/>
    <edge id="71011.txt_2_0-493530.txt_1_1" source="493530.txt_1_1" target="71011.txt_2_0"/>
    <edge id="43733.txt_1_0-327258.txt_1_0" source="327258.txt_1_0" target="43733.txt_1_0"/>
    <edge id="445827.txt_1_0-430935.txt_1_1" source="430935.txt_1_1" target="445827.txt_1_0"/>
    <edge id="92454.txt_1_3-430935.txt_1_1" source="430935.txt_1_1" target="92454.txt_1_3"/>
    <edge id="46653.txt_9_1-461540.txt_1_0" source="461540.txt_1_0" target="46653.txt_9_1"/>
    <edge id="71011.txt_2_0-310443.txt_1_0" source="310443.txt_1_0" target="71011.txt_2_0"/>
    <edge id="464663.txt_1_0-357315.txt_1_0" source="357315.txt_1_0" target="464663.txt_1_0"/>
    <edge id="464663.txt_1_1-92454.txt_1_2" source="92454.txt_1_2" target="464663.txt_1_1"/>
    <edge id="308568.txt_1_0-513573.txt_2_0" source="513573.txt_2_0" target="308568.txt_1_0"/>
    <edge id="46653.txt_9_0-92454.txt_1_0" source="92454.txt_1_0" target="46653.txt_9_0"/>
    <edge id="43733.txt_1_0-175519.txt_2_1" source="175519.txt_2_1" target="43733.txt_1_0"/>
    <edge id="327258.txt_1_0-480047.txt_1_0" source="480047.txt_1_0" target="327258.txt_1_0"/>
    <edge id="43733.txt_1_0-476365.txt_1_1" source="476365.txt_1_1" target="43733.txt_1_0"/>
    <edge id="446414.txt_1_0-357315.txt_1_0" source="357315.txt_1_0" target="446414.txt_1_0"/>
    <edge id="43733.txt_1_0-476365.txt_1_0" source="476365.txt_1_0" target="43733.txt_1_0"/>
    <edge id="175519.txt_2_1-429450.txt_5_1" source="429450.txt_5_1" target="175519.txt_2_1"/>
    <edge id="513573.txt_2_0-480047.txt_1_0" source="480047.txt_1_0" target="513573.txt_2_0"/>
    <edge id="308568.txt_1_0-92454.txt_1_2" source="92454.txt_1_2" target="308568.txt_1_0"/>
    <edge id="476365.txt_1_2-476365.txt_1_0" source="476365.txt_1_0" target="476365.txt_1_2"/>
    <edge id="445533.txt_2_1-445533.txt_2_0" source="445533.txt_2_0" target="445533.txt_2_1"/>
    <edge id="430935.txt_1_1-92454.txt_1_1" source="92454.txt_1_1" target="430935.txt_1_1"/>
    <edge id="429450.txt_5_1-464663.txt_1_1" source="464663.txt_1_1" target="429450.txt_5_1"/>
    <edge id="175519.txt_2_1-445827.txt_1_0" source="445827.txt_1_0" target="175519.txt_2_1"/>
    <edge id="175519.txt_2_1-92454.txt_1_3" source="92454.txt_1_3" target="175519.txt_2_1"/>
    <edge id="464663.txt_1_1-493530.txt_1_0" source="493530.txt_1_0" target="464663.txt_1_1"/>
    <edge id="429450.txt_5_1-476365.txt_1_1" source="476365.txt_1_1" target="429450.txt_5_1"/>
    <edge id="327258.txt_1_0-40604.txt_1_0" source="40604.txt_1_0" target="327258.txt_1_0"/>
    <edge id="308568.txt_1_0-164111.txt_2_0" source="164111.txt_2_0" target="308568.txt_1_0"/>
    <edge id="5436.txt_1_0-429450.txt_5_0" source="429450.txt_5_0" target="5436.txt_1_0"/>
    <edge id="379399.txt_1_0-429450.txt_5_0" source="429450.txt_5_0" target="379399.txt_1_0"/>
    <edge id="429450.txt_5_1-461540.txt_1_0" source="461540.txt_1_0" target="429450.txt_5_1"/>
    <edge id="327258.txt_1_0-445827.txt_1_0" source="445827.txt_1_0" target="327258.txt_1_0"/>
    <edge id="327258.txt_1_0-92454.txt_1_3" source="92454.txt_1_3" target="327258.txt_1_0"/>
    <edge id="327258.txt_1_0-476365.txt_1_1" source="476365.txt_1_1" target="327258.txt_1_0"/>
    <edge id="43733.txt_1_0-92454.txt_1_2" source="92454.txt_1_2" target="43733.txt_1_0"/>
    <edge id="476365.txt_1_1-476365.txt_1_0" source="476365.txt_1_0" target="476365.txt_1_1"/>
    <edge id="5436.txt_1_0-46653.txt_9_1" source="46653.txt_9_1" target="5436.txt_1_0"/>
    <edge id="379399.txt_1_0-46653.txt_9_1" source="46653.txt_9_1" target="379399.txt_1_0"/>
    <edge id="5436.txt_1_0-46653.txt_9_0" source="46653.txt_9_0" target="5436.txt_1_0"/>
    <edge id="379399.txt_1_0-46653.txt_9_0" source="46653.txt_9_0" target="379399.txt_1_0"/>
    <edge id="430935.txt_1_1-464663.txt_1_0" source="464663.txt_1_0" target="430935.txt_1_1"/>
    <edge id="43733.txt_1_0-430935.txt_1_1" source="430935.txt_1_1" target="43733.txt_1_0"/>
    <edge id="5436.txt_1_0-175519.txt_2_0" source="175519.txt_2_0" target="5436.txt_1_0"/>
    <edge id="379399.txt_1_0-175519.txt_2_0" source="175519.txt_2_0" target="379399.txt_1_0"/>
    <edge id="308568.txt_1_0-175519.txt_2_0" source="175519.txt_2_0" target="308568.txt_1_0"/>
    <edge id="461540.txt_1_0-92454.txt_1_2" source="92454.txt_1_2" target="461540.txt_1_0"/>
    <edge id="5436.txt_1_0-175519.txt_2_1" source="175519.txt_2_1" target="5436.txt_1_0"/>
    <edge id="379399.txt_1_0-175519.txt_2_1" source="175519.txt_2_1" target="379399.txt_1_0"/>
    <edge id="308568.txt_1_0-493530.txt_1_0" source="493530.txt_1_0" target="308568.txt_1_0"/>
    <edge id="493530.txt_1_1-92454.txt_1_0" source="92454.txt_1_0" target="493530.txt_1_1"/>
    <edge id="476365.txt_1_2-46653.txt_9_0" source="46653.txt_9_0" target="476365.txt_1_2"/>
    <edge id="46653.txt_9_1-476365.txt_1_0" source="476365.txt_1_0" target="46653.txt_9_1"/>
    <edge id="476365.txt_1_2-357315.txt_1_1" source="357315.txt_1_1" target="476365.txt_1_2"/>
    <edge id="445827.txt_1_0-461540.txt_1_0" source="461540.txt_1_0" target="445827.txt_1_0"/>
    <edge id="92454.txt_1_3-461540.txt_1_0" source="461540.txt_1_0" target="92454.txt_1_3"/>
    <edge id="5436.txt_1_0-429450.txt_5_1" source="429450.txt_5_1" target="5436.txt_1_0"/>
    <edge id="379399.txt_1_0-429450.txt_5_1" source="429450.txt_5_1" target="379399.txt_1_0"/>
    <edge id="175519.txt_2_1-464663.txt_1_0" source="464663.txt_1_0" target="175519.txt_2_1"/>
    <edge id="464663.txt_1_1-5436.txt_1_0" source="5436.txt_1_0" target="464663.txt_1_1"/>
    <edge id="464663.txt_1_1-379399.txt_1_0" source="379399.txt_1_0" target="464663.txt_1_1"/>
    <edge id="493530.txt_1_1-310443.txt_1_0" source="310443.txt_1_0" target="493530.txt_1_1"/>
    <edge id="308568.txt_1_0-476365.txt_1_1" source="476365.txt_1_1" target="308568.txt_1_0"/>
    <edge id="429450.txt_5_1-310443.txt_1_1" source="310443.txt_1_1" target="429450.txt_5_1"/>
    <edge id="310443.txt_1_1-430935.txt_1_0" source="430935.txt_1_0" target="310443.txt_1_1"/>
    <edge id="493530.txt_1_1-357315.txt_1_1" source="357315.txt_1_1" target="493530.txt_1_1"/>
    <edge id="445827.txt_1_0-513573.txt_2_0" source="513573.txt_2_0" target="445827.txt_1_0"/>
    <edge id="92454.txt_1_3-513573.txt_2_0" source="513573.txt_2_0" target="92454.txt_1_3"/>
    <edge id="46653.txt_9_1-429450.txt_5_1" source="429450.txt_5_1" target="46653.txt_9_1"/>
    <edge id="310443.txt_1_1-476365.txt_1_0" source="476365.txt_1_0" target="310443.txt_1_1"/>
    <edge id="71011.txt_2_0-429450.txt_5_0" source="429450.txt_5_0" target="71011.txt_2_0"/>
    <edge id="327258.txt_1_0-357315.txt_1_0" source="357315.txt_1_0" target="327258.txt_1_0"/>
    <edge id="5436.txt_1_0-446414.txt_1_0" source="446414.txt_1_0" target="5436.txt_1_0"/>
    <edge id="379399.txt_1_0-446414.txt_1_0" source="446414.txt_1_0" target="379399.txt_1_0"/>
    <edge id="5436.txt_1_0-308568.txt_1_0" source="308568.txt_1_0" target="5436.txt_1_0"/>
    <edge id="379399.txt_1_0-308568.txt_1_0" source="308568.txt_1_0" target="379399.txt_1_0"/>
    <edge id="464663.txt_1_1-430935.txt_1_1" source="430935.txt_1_1" target="464663.txt_1_1"/>
    <edge id="71011.txt_2_0-40604.txt_1_0" source="40604.txt_1_0" target="71011.txt_2_0"/>
    <edge id="445827.txt_1_0-43733.txt_1_0" source="43733.txt_1_0" target="445827.txt_1_0"/>
    <edge id="92454.txt_1_3-43733.txt_1_0" source="43733.txt_1_0" target="92454.txt_1_3"/>
    <edge id="476365.txt_1_2-310443.txt_1_1" source="310443.txt_1_1" target="476365.txt_1_2"/>
    <edge id="430935.txt_1_1-446414.txt_1_0" source="446414.txt_1_0" target="430935.txt_1_1"/>
    <edge id="71011.txt_2_0-357315.txt_1_0" source="357315.txt_1_0" target="71011.txt_2_0"/>
    <edge id="493530.txt_1_1-493530.txt_1_0" source="493530.txt_1_0" target="493530.txt_1_1"/>
    <edge id="464663.txt_1_1-92454.txt_1_0" source="92454.txt_1_0" target="464663.txt_1_1"/>
    <edge id="5436.txt_1_0-357315.txt_1_0" source="357315.txt_1_0" target="5436.txt_1_0"/>
    <edge id="379399.txt_1_0-357315.txt_1_0" source="357315.txt_1_0" target="379399.txt_1_0"/>
    <edge id="5436.txt_1_0-445827.txt_1_0" source="445827.txt_1_0" target="5436.txt_1_0"/>
    <edge id="5436.txt_1_0-92454.txt_1_3" source="92454.txt_1_3" target="5436.txt_1_0"/>
    <edge id="379399.txt_1_0-445827.txt_1_0" source="445827.txt_1_0" target="379399.txt_1_0"/>
    <edge id="379399.txt_1_0-92454.txt_1_3" source="92454.txt_1_3" target="379399.txt_1_0"/>
    <edge id="464663.txt_1_1-310443.txt_1_1" source="310443.txt_1_1" target="464663.txt_1_1"/>
    <edge id="5436.txt_1_0-310443.txt_1_1" source="310443.txt_1_1" target="5436.txt_1_0"/>
    <edge id="379399.txt_1_0-310443.txt_1_1" source="310443.txt_1_1" target="379399.txt_1_0"/>
    <edge id="310443.txt_1_1-40604.txt_1_0" source="40604.txt_1_0" target="310443.txt_1_1"/>
    <edge id="493530.txt_1_1-357315.txt_1_0" source="357315.txt_1_0" target="493530.txt_1_1"/>
    <edge id="175519.txt_2_1-92454.txt_1_2" source="92454.txt_1_2" target="175519.txt_2_1"/>
    <edge id="429450.txt_5_1-164111.txt_2_0" source="164111.txt_2_0" target="429450.txt_5_1"/>
    <edge id="493530.txt_1_1-164111.txt_2_0" source="164111.txt_2_0" target="493530.txt_1_1"/>
    <edge id="310443.txt_1_1-92454.txt_1_2" source="92454.txt_1_2" target="310443.txt_1_1"/>
    <edge id="493530.txt_1_1-445827.txt_1_0" source="445827.txt_1_0" target="493530.txt_1_1"/>
    <edge id="493530.txt_1_1-92454.txt_1_3" source="92454.txt_1_3" target="493530.txt_1_1"/>
    <edge id="476365.txt_1_2-476365.txt_1_1" source="476365.txt_1_1" target="476365.txt_1_2"/>
    <edge id="310443.txt_1_1-175519.txt_2_0" source="175519.txt_2_0" target="310443.txt_1_1"/>
    <edge id="429450.txt_5_1-310443.txt_1_0" source="310443.txt_1_0" target="429450.txt_5_1"/>
    <edge id="71011.txt_2_0-43733.txt_1_0" source="43733.txt_1_0" target="71011.txt_2_0"/>
    <edge id="464663.txt_1_1-513573.txt_2_0" source="513573.txt_2_0" target="464663.txt_1_1"/>
    <edge id="310443.txt_1_1-43733.txt_1_0" source="43733.txt_1_0" target="310443.txt_1_1"/>
    <edge id="327258.txt_1_0-92454.txt_1_1" source="92454.txt_1_1" target="327258.txt_1_0"/>
    <edge id="445827.txt_1_0-164111.txt_2_0" source="164111.txt_2_0" target="445827.txt_1_0"/>
    <edge id="92454.txt_1_3-164111.txt_2_0" source="164111.txt_2_0" target="92454.txt_1_3"/>
    <edge id="429450.txt_5_0-480047.txt_1_0" source="480047.txt_1_0" target="429450.txt_5_0"/>
    <edge id="461540.txt_1_0-357315.txt_1_0" source="357315.txt_1_0" target="461540.txt_1_0"/>
    <edge id="46653.txt_9_1-43733.txt_1_0" source="43733.txt_1_0" target="46653.txt_9_1"/>
    <edge id="310443.txt_1_1-164111.txt_2_0" source="164111.txt_2_0" target="310443.txt_1_1"/>
    <edge id="327258.txt_1_0-446414.txt_1_0" source="446414.txt_1_0" target="327258.txt_1_0"/>
    <edge id="461540.txt_1_0-430935.txt_1_0" source="430935.txt_1_0" target="461540.txt_1_0"/>
    <edge id="5436.txt_1_0-480047.txt_1_0" source="480047.txt_1_0" target="5436.txt_1_0"/>
    <edge id="379399.txt_1_0-480047.txt_1_0" source="480047.txt_1_0" target="379399.txt_1_0"/>
    <edge id="429450.txt_5_1-446414.txt_1_0" source="446414.txt_1_0" target="429450.txt_5_1"/>
    <edge id="327258.txt_1_0-308568.txt_1_0" source="308568.txt_1_0" target="327258.txt_1_0"/>
    <edge id="476365.txt_1_1-493530.txt_1_0" source="493530.txt_1_0" target="476365.txt_1_1"/>
    <edge id="327258.txt_1_0-71011.txt_2_0" source="71011.txt_2_0" target="327258.txt_1_0"/>
    <edge id="43733.txt_1_0-493530.txt_1_1" source="493530.txt_1_1" target="43733.txt_1_0"/>
    <edge id="46653.txt_9_0-175519.txt_2_0" source="175519.txt_2_0" target="46653.txt_9_0"/>
    <edge id="429450.txt_5_1-480047.txt_1_0" source="480047.txt_1_0" target="429450.txt_5_1"/>
    <edge id="71011.txt_2_0-92454.txt_1_0" source="92454.txt_1_0" target="71011.txt_2_0"/>
    <edge id="43733.txt_1_0-46653.txt_9_0" source="46653.txt_9_0" target="43733.txt_1_0"/>
    <edge id="327258.txt_1_0-513573.txt_2_0" source="513573.txt_2_0" target="327258.txt_1_0"/>
    <edge id="5436.txt_1_0-357315.txt_1_1" source="357315.txt_1_1" target="5436.txt_1_0"/>
    <edge id="379399.txt_1_0-357315.txt_1_1" source="357315.txt_1_1" target="379399.txt_1_0"/>
    <edge id="46653.txt_9_1-446414.txt_1_0" source="446414.txt_1_0" target="46653.txt_9_1"/>
    <edge id="46653.txt_9_1-493530.txt_1_1" source="493530.txt_1_1" target="46653.txt_9_1"/>
    <edge id="308568.txt_1_0-357315.txt_1_0" source="357315.txt_1_0" target="308568.txt_1_0"/>
    <edge id="308568.txt_1_0-445827.txt_1_0" source="445827.txt_1_0" target="308568.txt_1_0"/>
    <edge id="308568.txt_1_0-92454.txt_1_3" source="92454.txt_1_3" target="308568.txt_1_0"/>
    <edge id="175519.txt_2_1-493530.txt_1_0" source="493530.txt_1_0" target="175519.txt_2_1"/>
    <edge id="476365.txt_1_2-480047.txt_1_0" source="480047.txt_1_0" target="476365.txt_1_2"/>
    <edge id="429450.txt_5_0-513573.txt_2_0" source="513573.txt_2_0" target="429450.txt_5_0"/>
    <edge id="175519.txt_2_1-476365.txt_1_0" source="476365.txt_1_0" target="175519.txt_2_1"/>
    <edge id="429450.txt_5_1-308568.txt_1_0" source="308568.txt_1_0" target="429450.txt_5_1"/>
    <edge id="5436.txt_1_0-92454.txt_1_1" source="92454.txt_1_1" target="5436.txt_1_0"/>
    <edge id="379399.txt_1_0-92454.txt_1_1" source="92454.txt_1_1" target="379399.txt_1_0"/>
    <edge id="175519.txt_2_1-46653.txt_9_0" source="46653.txt_9_0" target="175519.txt_2_1"/>
    <edge id="46653.txt_9_0-493530.txt_1_0" source="493530.txt_1_0" target="46653.txt_9_0"/>
    <edge id="5436.txt_1_0-493530.txt_1_1" source="493530.txt_1_1" target="5436.txt_1_0"/>
    <edge id="379399.txt_1_0-493530.txt_1_1" source="493530.txt_1_1" target="379399.txt_1_0"/>
    <edge id="445827.txt_1_0-5436.txt_1_0" source="5436.txt_1_0" target="445827.txt_1_0"/>
    <edge id="445827.txt_1_0-379399.txt_1_0" source="379399.txt_1_0" target="445827.txt_1_0"/>
    <edge id="92454.txt_1_3-5436.txt_1_0" source="5436.txt_1_0" target="92454.txt_1_3"/>
    <edge id="92454.txt_1_3-379399.txt_1_0" source="379399.txt_1_0" target="92454.txt_1_3"/>
    <edge id="71011.txt_2_0-445827.txt_1_0" source="445827.txt_1_0" target="71011.txt_2_0"/>
    <edge id="71011.txt_2_0-92454.txt_1_3" source="92454.txt_1_3" target="71011.txt_2_0"/>
    <edge id="43733.txt_1_0-493530.txt_1_0" source="493530.txt_1_0" target="43733.txt_1_0"/>
    <edge id="493530.txt_1_1-430935.txt_1_1" source="430935.txt_1_1" target="493530.txt_1_1"/>
    <edge id="429450.txt_5_1-92454.txt_1_2" source="92454.txt_1_2" target="429450.txt_5_1"/>
    <edge id="445827.txt_1_0-46653.txt_9_0" source="46653.txt_9_0" target="445827.txt_1_0"/>
    <edge id="92454.txt_1_3-46653.txt_9_0" source="46653.txt_9_0" target="92454.txt_1_3"/>
    <edge id="430935.txt_1_1-445827.txt_1_0" source="445827.txt_1_0" target="430935.txt_1_1"/>
    <edge id="430935.txt_1_1-92454.txt_1_3" source="92454.txt_1_3" target="430935.txt_1_1"/>
    <edge id="308568.txt_1_0-429450.txt_5_1" source="429450.txt_5_1" target="308568.txt_1_0"/>
    <edge id="429450.txt_5_1-445827.txt_1_0" source="445827.txt_1_0" target="429450.txt_5_1"/>
    <edge id="429450.txt_5_1-92454.txt_1_3" source="92454.txt_1_3" target="429450.txt_5_1"/>
    <edge id="46653.txt_9_1-308568.txt_1_0" source="308568.txt_1_0" target="46653.txt_9_1"/>
    <edge id="461540.txt_1_0-429450.txt_5_1" source="429450.txt_5_1" target="461540.txt_1_0"/>
    <edge id="43733.txt_1_0-464663.txt_1_0" source="464663.txt_1_0" target="43733.txt_1_0"/>
    <edge id="308568.txt_1_0-493530.txt_1_1" source="493530.txt_1_1" target="308568.txt_1_0"/>
    <edge id="476365.txt_1_2-429450.txt_5_0" source="429450.txt_5_0" target="476365.txt_1_2"/>
    <edge id="43733.txt_1_0-513573.txt_2_0" source="513573.txt_2_0" target="43733.txt_1_0"/>
    <edge id="493530.txt_1_1-476365.txt_1_0" source="476365.txt_1_0" target="493530.txt_1_1"/>
    <edge id="461540.txt_1_0-430935.txt_1_1" source="430935.txt_1_1" target="461540.txt_1_0"/>
    <edge id="327258.txt_1_0-429450.txt_5_0" source="429450.txt_5_0" target="327258.txt_1_0"/>
    <edge id="175519.txt_2_1-430935.txt_1_0" source="430935.txt_1_0" target="175519.txt_2_1"/>
    <edge id="493530.txt_1_1-40604.txt_1_0" source="40604.txt_1_0" target="493530.txt_1_1"/>
    <edge id="308568.txt_1_0-357315.txt_1_1" source="357315.txt_1_1" target="308568.txt_1_0"/>
    <edge id="429450.txt_5_1-429450.txt_5_0" source="429450.txt_5_0" target="429450.txt_5_1"/>
    <edge id="430935.txt_1_1-461540.txt_1_0" source="461540.txt_1_0" target="430935.txt_1_1"/>
    <edge id="310443.txt_1_1-445827.txt_1_0" source="445827.txt_1_0" target="310443.txt_1_1"/>
    <edge id="310443.txt_1_1-92454.txt_1_3" source="92454.txt_1_3" target="310443.txt_1_1"/>
    <edge id="40604.txt_1_0-480047.txt_1_0" source="480047.txt_1_0" target="40604.txt_1_0"/>
    <edge id="445827.txt_1_0-308568.txt_1_0" source="308568.txt_1_0" target="445827.txt_1_0"/>
    <edge id="92454.txt_1_3-308568.txt_1_0" source="308568.txt_1_0" target="92454.txt_1_3"/>
    <edge id="310443.txt_1_1-92454.txt_1_1" source="92454.txt_1_1" target="310443.txt_1_1"/>
    <edge id="71011.txt_2_0-430935.txt_1_0" source="430935.txt_1_0" target="71011.txt_2_0"/>
    <edge id="446414.txt_1_0-464663.txt_1_0" source="464663.txt_1_0" target="446414.txt_1_0"/>
    <edge id="175519.txt_2_1-175519.txt_2_0" source="175519.txt_2_0" target="175519.txt_2_1"/>
</F_entailment_graph>
