<?xml version="1.0" encoding="UTF-8" standalone="yes"?>
<F_entailment_graph nodeNum="62">
    <node id="6.txt_1_1">
        <original_text>make tickets exchangeable</original_text>
        <correct_text></correct_text>
    </node>
    <node id="22.txt_1_1">
        <original_text>You need to be more flexible in terms of change of ticket</original_text>
        <correct_text></correct_text>
    </node>
    <node id="17.txt_1_0">
        <original_text>Allow name changes on tickets</original_text>
        <correct_text></correct_text>
    </node>
    <node id="8.txt_1_1">
        <original_text>Name changes on tickets should be allowed</original_text>
        <correct_text></correct_text>
    </node>
    <node id="10.txt_2_0">
        <original_text>more ticket flexibility</original_text>
        <correct_text></correct_text>
    </node>
    <node id="21.txt_4_0">
        <original_text>More flexible tickets</original_text>
        <correct_text></correct_text>
    </node>
    <node id="20.txt_1_1">
        <original_text>cheaper tickets</original_text>
        <correct_text></correct_text>
    </node>
    <node id="14.txt_1_1">
        <original_text>It would be great to have ticket at a reasonable price</original_text>
        <correct_text></correct_text>
    </node>
    <node id="29.txt_1_2">
        <original_text>More cheap tickets deals at odd moments ,</original_text>
        <correct_text>More cheap tickets deals at all moments</correct_text>
    </node>
    <node id="37.txt_1_1">
        <original_text>Introduce a season ticket</original_text>
        <correct_text></correct_text>
    </node>
    <node id="11.txt_5_3">
        <original_text>Cannot retrieve tickets</original_text>
        <correct_text></correct_text>
    </node>
    <node id="37.txt_1_0">
        <original_text>Introduce a season ticket for weekly travellers</original_text>
        <correct_text></correct_text>
    </node>
    <node id="11.txt_5_1">
        <original_text>Cannot retrieve tickets at Moonport station</original_text>
        <correct_text></correct_text>
    </node>
    <node id="11.txt_5_2">
        <original_text>Cannot retrieve tickets with card</original_text>
        <correct_text></correct_text>
    </node>
    <node id="18.txt_3_1">
        <original_text>Help when booking seats</original_text>
        <correct_text></correct_text>
    </node>
    <node id="18.txt_3_0">
        <original_text>Help when booking seats so as many as possible can be spaced out / not next to another passenger</original_text>
        <correct_text></correct_text>
    </node>
    <node id="11.txt_5_0">
        <original_text>Cannot retrieve tickets at Moonport station with card</original_text>
        <correct_text></correct_text>
    </node>
    <node id="18.txt_2_0">
        <original_text>offers on 1st class travel for leisure travellers</original_text>
        <correct_text></correct_text>
    </node>
    <node id="15.txt_1_0">
        <original_text>to be able to put ticket on my smartphone</original_text>
        <correct_text></correct_text>
    </node>
    <node id="27.txt_1_0">
        <original_text>The ticket machine always has problems</original_text>
        <correct_text></correct_text>
    </node>
    <node id="18.txt_2_1">
        <original_text>offers on 1st class travel</original_text>
        <correct_text></correct_text>
    </node>
    <node id="27.txt_1_1">
        <original_text>The ticket machine has problems</original_text>
        <correct_text></correct_text>
    </node>
    <node id="33.txt_1_0">
        <original_text>Accepting tickets on the Blackberry would be great</original_text>
        <correct_text></correct_text>
    </node>
    <node id="10.txt_3_0">
        <original_text>better rewards for frequent travellers</original_text>
        <correct_text></correct_text>
    </node>
    <node id="8.txt_1_0">
        <original_text>Name changes on tickets should be allowed for a fee</original_text>
        <correct_text></correct_text>
    </node>
    <node id="46653.txt_1_0">
        <original_text>The e - tickets weren't entirely straightforward with the scanners</original_text>
        <correct_text></correct_text>
    </node>
    <node id="6.txt_2_0">
        <original_text>make all tickets refundable</original_text>
        <correct_text></correct_text>
    </node>
    <node id="6.txt_2_1">
        <original_text>make tickets refundable</original_text>
        <correct_text></correct_text>
    </node>
    <node id="46653.txt_1_1">
        <original_text>The e - tickets weren't straightforward with the scanners</original_text>
        <correct_text></correct_text>
    </node>
    <node id="100771.txt_3_0">
        <original_text>When booking the seat numbers could show if it 's a 4 table seat or just a 2 seat</original_text>
        <correct_text></correct_text>
    </node>
    <node id="6.txt_1_0">
        <original_text>make all tickets exchangeable</original_text>
        <correct_text></correct_text>
    </node>
    <node id="31.txt_3_1">
        <original_text>tickets take up too much paper</original_text>
        <correct_text></correct_text>
    </node>
    <node id="31.txt_3_0">
        <original_text>print at home tickets take up too much paper</original_text>
        <correct_text></correct_text>
    </node>
    <node id="10.txt_1_0">
        <original_text>Do better offers ( more promotions , early bird offers etc )</original_text>
        <correct_text></correct_text>
    </node>
    <node id="193822.txt_8_0">
        <original_text>not happy with changes to carte blanche system</original_text>
        <correct_text></correct_text>
    </node>
    <node id="21.txt_1_0">
        <original_text>access to the lounge for premium standard tickets</original_text>
        <correct_text></correct_text>
    </node>
    <node id="21.txt_1_1">
        <original_text>access to the lounge</original_text>
        <correct_text></correct_text>
    </node>
    <node id="15.txt_2_0">
        <original_text>I could only print ticket</original_text>
        <correct_text></correct_text>
    </node>
    <node id="16.txt_1_0">
        <original_text>Allow fully flexible economy tickets</original_text>
        <correct_text></correct_text>
    </node>
    <node id="16.txt_1_1">
        <original_text>Allow flexible economy tickets</original_text>
        <correct_text></correct_text>
    </node>
    <node id="28.txt_1_0">
        <original_text>You could open the ticket office earlier</original_text>
        <correct_text></correct_text>
    </node>
    <node id="22.txt_1_0">
        <original_text>You need to be more flexible in terms of change of ticket even if not flexible</original_text>
        <correct_text></correct_text>
    </node>
    <node id="14.txt_1_0">
        <original_text>It would be great to have ticket at a reasonable price not only 3 months in advance</original_text>
        <correct_text></correct_text>
    </node>
    <node id="31.txt_4_1">
        <original_text>tickets take up too much ink</original_text>
        <correct_text></correct_text>
    </node>
    <node id="31.txt_4_0">
        <original_text>print at home tickets take up too much ink</original_text>
        <correct_text></correct_text>
    </node>
    <node id="1.txt_1_0">
        <original_text>Make same - day , different times flexible tickets more of an option</original_text>
        <correct_text></correct_text>
    </node>
    <node id="38.txt_1_0">
        <original_text>Too long internet tickets</original_text>
        <correct_text></correct_text>
    </node>
    <node id="29.txt_1_0">
        <original_text>More cheap tickets deals at odd moments , not just when booked in advance</original_text>
        <correct_text>More cheap tickets deals at all moments, not just when booked in advance</correct_text>
    </node>
    <node id="29.txt_1_1">
        <original_text>More cheap tickets deals , not just when booked in advance</original_text>
        <correct_text>More cheap tickets deals, not just when booked in advance</correct_text>
    </node>
    <node id="29.txt_1_3">
        <original_text>More cheap tickets deals ,</original_text>
        <correct_text>More cheap tickets deals,</correct_text>
    </node>
    <node id="10.txt_4_0">
        <original_text>make mobile tickets with QR code available for bookings for more than 1 passenger</original_text>
        <correct_text></correct_text>
    </node>
    <node id="16.txt_4_0">
        <original_text>allow different classes to be combined on the same booking</original_text>
        <correct_text></correct_text>
    </node>
    <node id="23.txt_2_1">
        <original_text>be able to change tickets online</original_text>
        <correct_text></correct_text>
    </node>
    <node id="11.txt_1_0">
        <original_text>the train was overbooked</original_text>
        <correct_text></correct_text>
    </node>
    <node id="23.txt_2_0">
        <original_text>be able to change semi flexible tickets online</original_text>
        <correct_text></correct_text>
    </node>
    <node id="32.txt_1_1">
        <original_text>it would be easier for me to be on time if the tickets listed boarding time</original_text>
        <correct_text></correct_text>
    </node>
    <node id="32.txt_1_0">
        <original_text>it would be easier for me to be on time if the tickets listed boarding time as well as departure time</original_text>
        <correct_text></correct_text>
    </node>
    <node id="9.txt_3_3">
        <original_text>the tickets are not checked</original_text>
        <correct_text></correct_text>
    </node>
    <node id="9.txt_3_2">
        <original_text>the tickets are not checked at the gates</original_text>
        <correct_text></correct_text>
    </node>
    <node id="9.txt_3_1">
        <original_text>the tickets are not always checked</original_text>
        <correct_text></correct_text>
    </node>
    <node id="9.txt_3_0">
        <original_text>the tickets are not always checked at the gates</original_text>
        <correct_text></correct_text>
    </node>
    <node id="20.txt_1_0">
        <original_text>cheaper tickets at shorter notice</original_text>
        <correct_text></correct_text>
    </node>
    <edge id="29.txt_1_3-29.txt_1_0" source="29.txt_1_0" target="29.txt_1_3"/>
    <edge id="20.txt_1_0-29.txt_1_0" source="29.txt_1_0" target="20.txt_1_0"/>
    <edge id="10.txt_2_0-6.txt_2_0" source="6.txt_2_0" target="10.txt_2_0"/>
    <edge id="10.txt_2_0-8.txt_1_1" source="8.txt_1_1" target="10.txt_2_0"/>
    <edge id="29.txt_1_3-18.txt_2_0" source="18.txt_2_0" target="29.txt_1_3"/>
    <edge id="9.txt_3_3-9.txt_3_1" source="9.txt_3_1" target="9.txt_3_3"/>
    <edge id="20.txt_1_1-14.txt_1_1" source="14.txt_1_1" target="20.txt_1_1"/>
    <edge id="14.txt_1_1-37.txt_1_0" source="37.txt_1_0" target="14.txt_1_1"/>
    <edge id="37.txt_1_1-37.txt_1_0" source="37.txt_1_0" target="37.txt_1_1"/>
    <edge id="38.txt_1_0-31.txt_4_0" source="31.txt_4_0" target="38.txt_1_0"/>
    <edge id="14.txt_1_1-14.txt_1_0" source="14.txt_1_0" target="14.txt_1_1"/>
    <edge id="6.txt_1_1-23.txt_2_0" source="23.txt_2_0" target="6.txt_1_1"/>
    <edge id="21.txt_4_0-23.txt_2_1" source="23.txt_2_1" target="21.txt_4_0"/>
    <edge id="14.txt_1_1-37.txt_1_1" source="37.txt_1_1" target="14.txt_1_1"/>
    <edge id="20.txt_1_1-18.txt_2_1" source="18.txt_2_1" target="20.txt_1_1"/>
    <edge id="9.txt_3_3-9.txt_3_0" source="9.txt_3_0" target="9.txt_3_3"/>
    <edge id="20.txt_1_1-10.txt_1_0" source="10.txt_1_0" target="20.txt_1_1"/>
    <edge id="20.txt_1_1-10.txt_3_0" source="10.txt_3_0" target="20.txt_1_1"/>
    <edge id="21.txt_4_0-8.txt_1_1" source="8.txt_1_1" target="21.txt_4_0"/>
    <edge id="8.txt_1_1-17.txt_1_0" source="17.txt_1_0" target="8.txt_1_1"/>
    <edge id="21.txt_4_0-23.txt_2_0" source="23.txt_2_0" target="21.txt_4_0"/>
    <edge id="32.txt_1_1-32.txt_1_0" source="32.txt_1_0" target="32.txt_1_1"/>
    <edge id="38.txt_1_0-31.txt_3_0" source="31.txt_3_0" target="38.txt_1_0"/>
    <edge id="15.txt_1_0-33.txt_1_0" source="33.txt_1_0" target="15.txt_1_0"/>
    <edge id="8.txt_1_1-8.txt_1_0" source="8.txt_1_0" target="8.txt_1_1"/>
    <edge id="10.txt_2_0-16.txt_1_0" source="16.txt_1_0" target="10.txt_2_0"/>
    <edge id="22.txt_1_1-6.txt_1_1" source="6.txt_1_1" target="22.txt_1_1"/>
    <edge id="6.txt_1_1-23.txt_2_1" source="23.txt_2_1" target="6.txt_1_1"/>
    <edge id="22.txt_1_1-8.txt_1_0" source="8.txt_1_0" target="22.txt_1_1"/>
    <edge id="21.txt_4_0-22.txt_1_0" source="22.txt_1_0" target="21.txt_4_0"/>
    <edge id="20.txt_1_1-29.txt_1_2" source="29.txt_1_2" target="20.txt_1_1"/>
    <edge id="20.txt_1_1-29.txt_1_3" source="29.txt_1_3" target="20.txt_1_1"/>
    <edge id="10.txt_2_0-8.txt_1_0" source="8.txt_1_0" target="10.txt_2_0"/>
    <edge id="46653.txt_1_1-46653.txt_1_0" source="46653.txt_1_0" target="46653.txt_1_1"/>
    <edge id="23.txt_2_1-23.txt_2_0" source="23.txt_2_0" target="23.txt_2_1"/>
    <edge id="29.txt_1_3-29.txt_1_1" source="29.txt_1_1" target="29.txt_1_3"/>
    <edge id="31.txt_4_1-31.txt_4_0" source="31.txt_4_0" target="31.txt_4_1"/>
    <edge id="10.txt_2_0-16.txt_4_0" source="16.txt_4_0" target="10.txt_2_0"/>
    <edge id="22.txt_1_1-17.txt_1_0" source="17.txt_1_0" target="22.txt_1_1"/>
    <edge id="11.txt_5_2-11.txt_5_0" source="11.txt_5_0" target="11.txt_5_2"/>
    <edge id="6.txt_1_1-22.txt_1_1" source="22.txt_1_1" target="6.txt_1_1"/>
    <edge id="20.txt_1_1-29.txt_1_1" source="29.txt_1_1" target="20.txt_1_1"/>
    <edge id="10.txt_3_0-37.txt_1_1" source="37.txt_1_1" target="10.txt_3_0"/>
    <edge id="22.txt_1_1-8.txt_1_1" source="8.txt_1_1" target="22.txt_1_1"/>
    <edge id="9.txt_3_2-9.txt_3_0" source="9.txt_3_0" target="9.txt_3_2"/>
    <edge id="10.txt_2_0-17.txt_1_0" source="17.txt_1_0" target="10.txt_2_0"/>
    <edge id="10.txt_1_0-18.txt_2_1" source="18.txt_2_1" target="10.txt_1_0"/>
    <edge id="6.txt_1_1-8.txt_1_0" source="8.txt_1_0" target="6.txt_1_1"/>
    <edge id="20.txt_1_0-29.txt_1_1" source="29.txt_1_1" target="20.txt_1_0"/>
    <edge id="21.txt_4_0-16.txt_1_0" source="16.txt_1_0" target="21.txt_4_0"/>
    <edge id="22.txt_1_1-22.txt_1_0" source="22.txt_1_0" target="22.txt_1_1"/>
    <edge id="6.txt_1_1-8.txt_1_1" source="8.txt_1_1" target="6.txt_1_1"/>
    <edge id="20.txt_1_1-18.txt_2_0" source="18.txt_2_0" target="20.txt_1_1"/>
    <edge id="21.txt_4_0-22.txt_1_1" source="22.txt_1_1" target="21.txt_4_0"/>
    <edge id="21.txt_4_0-1.txt_1_0" source="1.txt_1_0" target="21.txt_4_0"/>
    <edge id="10.txt_2_0-23.txt_2_0" source="23.txt_2_0" target="10.txt_2_0"/>
    <edge id="11.txt_5_3-11.txt_5_2" source="11.txt_5_2" target="11.txt_5_3"/>
    <edge id="9.txt_3_3-9.txt_3_2" source="9.txt_3_2" target="9.txt_3_3"/>
    <edge id="29.txt_1_3-10.txt_1_0" source="10.txt_1_0" target="29.txt_1_3"/>
    <edge id="9.txt_3_1-9.txt_3_0" source="9.txt_3_0" target="9.txt_3_1"/>
    <edge id="11.txt_5_3-11.txt_5_1" source="11.txt_5_1" target="11.txt_5_3"/>
    <edge id="21.txt_4_0-6.txt_2_1" source="6.txt_2_1" target="21.txt_4_0"/>
    <edge id="21.txt_4_0-16.txt_1_1" source="16.txt_1_1" target="21.txt_4_0"/>
    <edge id="21.txt_4_0-6.txt_2_0" source="6.txt_2_0" target="21.txt_4_0"/>
    <edge id="20.txt_1_0-14.txt_1_0" source="14.txt_1_0" target="20.txt_1_0"/>
    <edge id="10.txt_2_0-23.txt_2_1" source="23.txt_2_1" target="10.txt_2_0"/>
    <edge id="29.txt_1_3-29.txt_1_2" source="29.txt_1_2" target="29.txt_1_3"/>
    <edge id="6.txt_2_1-6.txt_2_0" source="6.txt_2_0" target="6.txt_2_1"/>
    <edge id="14.txt_1_1-20.txt_1_1" source="20.txt_1_1" target="14.txt_1_1"/>
    <edge id="10.txt_2_0-6.txt_1_1" source="6.txt_1_1" target="10.txt_2_0"/>
    <edge id="11.txt_5_3-11.txt_5_0" source="11.txt_5_0" target="11.txt_5_3"/>
    <edge id="29.txt_1_2-29.txt_1_0" source="29.txt_1_0" target="29.txt_1_2"/>
    <edge id="17.txt_1_0-8.txt_1_1" source="8.txt_1_1" target="17.txt_1_0"/>
    <edge id="21.txt_4_0-8.txt_1_0" source="8.txt_1_0" target="21.txt_4_0"/>
    <edge id="6.txt_1_1-22.txt_1_0" source="22.txt_1_0" target="6.txt_1_1"/>
    <edge id="10.txt_2_0-6.txt_1_0" source="6.txt_1_0" target="10.txt_2_0"/>
    <edge id="14.txt_1_1-29.txt_1_1" source="29.txt_1_1" target="14.txt_1_1"/>
    <edge id="22.txt_1_1-23.txt_2_0" source="23.txt_2_0" target="22.txt_1_1"/>
    <edge id="10.txt_1_0-18.txt_2_0" source="18.txt_2_0" target="10.txt_1_0"/>
    <edge id="21.txt_4_0-6.txt_1_0" source="6.txt_1_0" target="21.txt_4_0"/>
    <edge id="14.txt_1_1-29.txt_1_2" source="29.txt_1_2" target="14.txt_1_1"/>
    <edge id="10.txt_2_0-16.txt_1_1" source="16.txt_1_1" target="10.txt_2_0"/>
    <edge id="18.txt_3_1-18.txt_3_0" source="18.txt_3_0" target="18.txt_3_1"/>
    <edge id="21.txt_4_0-17.txt_1_0" source="17.txt_1_0" target="21.txt_4_0"/>
    <edge id="21.txt_4_0-6.txt_1_1" source="6.txt_1_1" target="21.txt_4_0"/>
    <edge id="6.txt_1_1-6.txt_1_0" source="6.txt_1_0" target="6.txt_1_1"/>
    <edge id="20.txt_1_1-20.txt_1_0" source="20.txt_1_0" target="20.txt_1_1"/>
    <edge id="20.txt_1_1-37.txt_1_0" source="37.txt_1_0" target="20.txt_1_1"/>
    <edge id="10.txt_2_0-21.txt_4_0" source="21.txt_4_0" target="10.txt_2_0"/>
    <edge id="14.txt_1_1-29.txt_1_0" source="29.txt_1_0" target="14.txt_1_1"/>
    <edge id="14.txt_1_1-18.txt_2_0" source="18.txt_2_0" target="14.txt_1_1"/>
    <edge id="6.txt_1_1-17.txt_1_0" source="17.txt_1_0" target="6.txt_1_1"/>
    <edge id="14.txt_1_1-29.txt_1_3" source="29.txt_1_3" target="14.txt_1_1"/>
    <edge id="10.txt_3_0-37.txt_1_0" source="37.txt_1_0" target="10.txt_3_0"/>
    <edge id="10.txt_2_0-22.txt_1_1" source="22.txt_1_1" target="10.txt_2_0"/>
    <edge id="21.txt_4_0-10.txt_2_0" source="10.txt_2_0" target="21.txt_4_0"/>
    <edge id="21.txt_4_0-16.txt_4_0" source="16.txt_4_0" target="21.txt_4_0"/>
    <edge id="16.txt_1_1-16.txt_1_0" source="16.txt_1_0" target="16.txt_1_1"/>
    <edge id="10.txt_2_0-22.txt_1_0" source="22.txt_1_0" target="10.txt_2_0"/>
    <edge id="14.txt_1_1-18.txt_2_1" source="18.txt_2_1" target="14.txt_1_1"/>
    <edge id="20.txt_1_1-14.txt_1_0" source="14.txt_1_0" target="20.txt_1_1"/>
    <edge id="27.txt_1_1-27.txt_1_0" source="27.txt_1_0" target="27.txt_1_1"/>
    <edge id="14.txt_1_1-10.txt_3_0" source="10.txt_3_0" target="14.txt_1_1"/>
    <edge id="20.txt_1_1-37.txt_1_1" source="37.txt_1_1" target="20.txt_1_1"/>
    <edge id="22.txt_1_1-23.txt_2_1" source="23.txt_2_1" target="22.txt_1_1"/>
    <edge id="10.txt_2_0-1.txt_1_0" source="1.txt_1_0" target="10.txt_2_0"/>
    <edge id="22.txt_1_1-6.txt_1_0" source="6.txt_1_0" target="22.txt_1_1"/>
    <edge id="29.txt_1_3-18.txt_2_1" source="18.txt_2_1" target="29.txt_1_3"/>
    <edge id="18.txt_3_1-100771.txt_3_0" source="100771.txt_3_0" target="18.txt_3_1"/>
    <edge id="29.txt_1_1-29.txt_1_0" source="29.txt_1_0" target="29.txt_1_1"/>
    <edge id="10.txt_2_0-6.txt_2_1" source="6.txt_2_1" target="10.txt_2_0"/>
    <edge id="11.txt_5_1-11.txt_5_0" source="11.txt_5_0" target="11.txt_5_1"/>
    <edge id="14.txt_1_1-20.txt_1_0" source="20.txt_1_0" target="14.txt_1_1"/>
    <edge id="21.txt_1_1-21.txt_1_0" source="21.txt_1_0" target="21.txt_1_1"/>
    <edge id="22.txt_1_0-6.txt_1_0" source="6.txt_1_0" target="22.txt_1_0"/>
    <edge id="14.txt_1_1-10.txt_1_0" source="10.txt_1_0" target="14.txt_1_1"/>
    <edge id="20.txt_1_1-29.txt_1_0" source="29.txt_1_0" target="20.txt_1_1"/>
    <edge id="31.txt_3_1-31.txt_3_0" source="31.txt_3_0" target="31.txt_3_1"/>
    <edge id="17.txt_1_0-8.txt_1_0" source="8.txt_1_0" target="17.txt_1_0"/>
    <edge id="18.txt_2_1-18.txt_2_0" source="18.txt_2_0" target="18.txt_2_1"/>
</F_entailment_graph>
