<?xml version="1.0" encoding="UTF-8" standalone="yes"?>
<F_entailment_graph nodeNum="2">
    <node id="212549.txt_1_0" modality="FALSE" explicit_context="212549.txt" implicit_context="" focus="snack" implicit_focus="">
        <original_text>Expensive on - board snack items</original_text>
        <correct_text></correct_text>
    </node>
    <node id="212549.txt_1_1" modality="FALSE" explicit_context="212549.txt" implicit_context="" focus="snack" implicit_focus="">
        <original_text>Expensive snack items</original_text>
        <correct_text></correct_text>
    </node>
    <edge id="212549.txt_1_0-212549.txt_1_1" source="212549.txt_1_0" target="212549.txt_1_1"/>
</F_entailment_graph>
