<?xml version="1.0" encoding="UTF-8" standalone="yes"?>
<F_entailment_graph nodeNum="2">
    <node id="313632.txt_2_0" modality="TRUE" explicit_context="313632.txt" implicit_context="" focus="food" implicit_focus="">
        <original_text>cheaper food on the train needed</original_text>
        <correct_text></correct_text>
    </node>
    <node id="313632.txt_2_1" modality="TRUE" explicit_context="313632.txt" implicit_context="" focus="food" implicit_focus="">
        <original_text>cheaper food needed</original_text>
        <correct_text></correct_text>
    </node>
    <edge id="313632.txt_2_0-313632.txt_2_1" source="313632.txt_2_0" target="313632.txt_2_1"/>
</F_entailment_graph>
