<?xml version="1.0" encoding="UTF-8" standalone="yes"?>
<F_entailment_graph nodeNum="2">
    <node id="330688.txt_6_0" modality="FALSE" explicit_context="330688.txt" implicit_context="" focus="food" implicit_focus="">
        <original_text>food ridiculously expensive</original_text>
        <correct_text>food is ridiculously expensive</correct_text>
    </node>
    <node id="330688.txt_6_1" modality="FALSE" explicit_context="330688.txt" implicit_context="" focus="food" implicit_focus="">
        <original_text>food expensive</original_text>
        <correct_text>food is expensive</correct_text>
    </node>
    <edge id="330688.txt_6_0-330688.txt_6_1" source="330688.txt_6_0" target="330688.txt_6_1"/>
</F_entailment_graph>
