<?xml version="1.0" encoding="UTF-8" standalone="yes"?>
<F_entailment_graph nodeNum="2">
    <node id="330688.txt_7_0" modality="FALSE" explicit_context="330688.txt" implicit_context="" focus="beverage" implicit_focus="">
        <original_text>beverage ridiculously expensive</original_text>
        <correct_text>beverage is rediculously expensive</correct_text>
    </node>
    <node id="330688.txt_7_1" modality="FALSE" explicit_context="330688.txt" implicit_context="" focus="beverage" implicit_focus="">
        <original_text>beverage expensive</original_text>
        <correct_text>beverage is expensive</correct_text>
    </node>
    <edge id="330688.txt_7_0-330688.txt_7_1" source="330688.txt_7_0" target="330688.txt_7_1"/>
</F_entailment_graph>
