<?xml version="1.0" encoding="UTF-8" standalone="yes"?>
<F_entailment_graph nodeNum="2">
    <node id="340247.txt_1_0" modality="FALSE" explicit_context="340247.txt" implicit_context="" focus="snacks" implicit_focus="">
        <original_text>price of snacks in the bar - car</original_text>
        <correct_text></correct_text>
    </node>
    <node id="340247.txt_1_1" modality="FALSE" explicit_context="340247.txt" implicit_context="" focus="snacks" implicit_focus="">
        <original_text>price of snacks</original_text>
        <correct_text></correct_text>
    </node>
    <edge id="340247.txt_1_0-340247.txt_1_1" source="340247.txt_1_0" target="340247.txt_1_1"/>
</F_entailment_graph>
