<?xml version="1.0" encoding="UTF-8" standalone="yes"?>
<F_entailment_graph nodeNum="2">
    <node id="446030.txt_2_0" modality="FALSE" explicit_context="446030.txt" implicit_context="" focus="drinks" implicit_focus="">
        <original_text>The costs of the onboard drinks were too high</original_text>
        <correct_text></correct_text>
    </node>
    <node id="446030.txt_2_1" modality="FALSE" explicit_context="446030.txt" implicit_context="" focus="drinks" implicit_focus="">
        <original_text>The costs of the drinks were too high</original_text>
        <correct_text></correct_text>
    </node>
    <edge id="446030.txt_2_0-446030.txt_2_1" source="446030.txt_2_0" target="446030.txt_2_1"/>
</F_entailment_graph>
