<?xml version="1.0" encoding="UTF-8" standalone="yes"?>
<F_entailment_graph nodeNum="2">
    <node id="455758.txt_1_0" modality="FALSE" explicit_context="455758.txt" implicit_context="" focus="food" implicit_focus="">
        <original_text>The food Is outrageously expensive</original_text>
        <correct_text></correct_text>
    </node>
    <node id="455758.txt_1_1" modality="FALSE" explicit_context="455758.txt" implicit_context="" focus="food" implicit_focus="">
        <original_text>The food Is expensive</original_text>
        <correct_text></correct_text>
    </node>
    <edge id="455758.txt_1_0-455758.txt_1_1" source="455758.txt_1_0" target="455758.txt_1_1"/>
</F_entailment_graph>
