<?xml version="1.0" encoding="UTF-8" standalone="yes"?>
<F_entailment_graph nodeNum="4">
    <node id="8262.txt_1_0" modality="FALSE" explicit_context="8262.txt" implicit_context="" focus="Prices" implicit_focus="">
        <original_text>Prices at the food bar are a bit expensive</original_text>
        <correct_text></correct_text>
    </node>
    <node id="8262.txt_1_1" modality="FALSE" explicit_context="8262.txt" implicit_context="" focus="Prices" implicit_focus="">
        <original_text>Prices at the food bar are expensive</original_text>
        <correct_text></correct_text>
    </node>
    <node id="8262.txt_1_2" modality="FALSE" explicit_context="8262.txt" implicit_context="" focus="Prices" implicit_focus="">
        <original_text>Prices are a bit expensive</original_text>
        <correct_text></correct_text>
    </node>
    <node id="8262.txt_1_3" modality="FALSE" explicit_context="8262.txt" implicit_context="" focus="Prices" implicit_focus="">
        <original_text>Prices are expensive</original_text>
        <correct_text></correct_text>
    </node>
    <edge id="8262.txt_1_0-8262.txt_1_1" source="8262.txt_1_0" target="8262.txt_1_1"/>
    <edge id="8262.txt_1_0-8262.txt_1_2" source="8262.txt_1_0" target="8262.txt_1_2"/>
    <edge id="8262.txt_1_1-8262.txt_1_3" source="8262.txt_1_1" target="8262.txt_1_3"/>
    <edge id="8262.txt_1_2-8262.txt_1_3" source="8262.txt_1_2" target="8262.txt_1_3"/>
    <edge id="8262.txt_1_0-8262.txt_1_3" source="8262.txt_1_0" target="8262.txt_1_3"/>
</F_entailment_graph>
