<?xml version="1.0" encoding="UTF-8" standalone="yes"?>
<F_entailment_graph nodeNum="13">
    <node id="427028.txt_1_0">
        <original_text>I wd hav liked a vegan meal</original_text>
        <correct_text>I would have liked a vegan meal</correct_text>
    </node>
    <node id="184748.txt_1_0">
        <original_text>vegan food would be awesome</original_text>
        <correct_text></correct_text>
    </node>
    <node id="429450.txt_1_2">
        <original_text>I was provided with a mediocre vegetarian dinner</original_text>
        <correct_text></correct_text>
    </node>
    <node id="32676.txt_1_0">
        <original_text>Better vegetarian food</original_text>
        <correct_text></correct_text>
    </node>
    <node id="429450.txt_1_0">
        <original_text>I was provided with a very mediocre vegetarian dinner</original_text>
        <correct_text></correct_text>
    </node>
    <node id="429450.txt_1_1">
        <original_text>I was provided with a very mediocre dinner</original_text>
        <correct_text></correct_text>
    </node>
    <node id="277071.txt_6_0">
        <original_text>Veggie meal too small</original_text>
        <correct_text></correct_text>
    </node>
    <node id="429450.txt_1_3">
        <original_text>I was provided with a mediocre dinner</original_text>
        <correct_text></correct_text>
    </node>
    <node id="532098.txt_1_0">
        <original_text>you do not seem to offer any vegetarian food options in the cafe</original_text>
        <correct_text></correct_text>
    </node>
    <node id="64004.txt_1_0">
        <original_text>you could make it much easier to order vegetarian food when booking first class</original_text>
        <correct_text></correct_text>
    </node>
    <node id="64004.txt_1_2">
        <original_text>you could make it much easier to order vegetarian food when booking</original_text>
        <correct_text></correct_text>
    </node>
    <node id="64004.txt_1_1">
        <original_text>you could make it easier to order vegetarian food when booking first class</original_text>
        <correct_text></correct_text>
    </node>
    <node id="64004.txt_1_3">
        <original_text>you could make it easier to order vegetarian food when booking</original_text>
        <correct_text></correct_text>
    </node>
    <edge id="429450.txt_1_1-429450.txt_1_0" source="429450.txt_1_0" target="429450.txt_1_1"/>
    <edge id="429450.txt_1_3-429450.txt_1_1" source="429450.txt_1_1" target="429450.txt_1_3"/>
    <edge id="429450.txt_1_3-32676.txt_1_0" source="32676.txt_1_0" target="429450.txt_1_3"/>
    <edge id="429450.txt_1_3-429450.txt_1_2" source="429450.txt_1_2" target="429450.txt_1_3"/>
    <edge id="64004.txt_1_3-64004.txt_1_1" source="64004.txt_1_1" target="64004.txt_1_3"/>
    <edge id="184748.txt_1_0-427028.txt_1_0" source="427028.txt_1_0" target="184748.txt_1_0"/>
    <edge id="64004.txt_1_3-64004.txt_1_2" source="64004.txt_1_2" target="64004.txt_1_3"/>
    <edge id="429450.txt_1_3-429450.txt_1_0" source="429450.txt_1_0" target="429450.txt_1_3"/>
    <edge id="64004.txt_1_1-64004.txt_1_0" source="64004.txt_1_0" target="64004.txt_1_1"/>
    <edge id="32676.txt_1_0-429450.txt_1_0" source="429450.txt_1_0" target="32676.txt_1_0"/>
    <edge id="429450.txt_1_2-32676.txt_1_0" source="32676.txt_1_0" target="429450.txt_1_2"/>
    <edge id="64004.txt_1_2-64004.txt_1_0" source="64004.txt_1_0" target="64004.txt_1_2"/>
    <edge id="32676.txt_1_0-429450.txt_1_2" source="429450.txt_1_2" target="32676.txt_1_0"/>
    <edge id="64004.txt_1_3-64004.txt_1_0" source="64004.txt_1_0" target="64004.txt_1_3"/>
    <edge id="429450.txt_1_2-429450.txt_1_0" source="429450.txt_1_0" target="429450.txt_1_2"/>
    <edge id="427028.txt_1_0-184748.txt_1_0" source="184748.txt_1_0" target="427028.txt_1_0"/>
</F_entailment_graph>
