<?xml version="1.0" encoding="UTF-8" standalone="yes"?>
<F_entailment_graph nodeNum="31">
    <node id="237090.txt_2_0">
        <original_text>More choice of drink</original_text>
        <correct_text></correct_text>
    </node>
    <node id="522350.txt_3_0">
        <original_text>better drinks selection</original_text>
        <correct_text></correct_text>
    </node>
    <node id="63301.txt_1_1">
        <original_text>You could bring back champagne</original_text>
        <correct_text></correct_text>
    </node>
    <node id="305036.txt_1_0">
        <original_text>there is no more champagne on offer</original_text>
        <correct_text></correct_text>
    </node>
    <node id="500967.txt_6_2">
        <original_text>quality of drinks are very low standard</original_text>
        <correct_text>quality of drinks is very low standard</correct_text>
    </node>
    <node id="187987.txt_4_1">
        <original_text>drink was terrible</original_text>
        <correct_text></correct_text>
    </node>
    <node id="418508.txt_5_1">
        <original_text>There should be a proper expresso machine ,</original_text>
        <correct_text>There should be a proper espresso machine</correct_text>
    </node>
    <node id="418508.txt_8_0">
        <original_text>There should be a good english tea</original_text>
        <correct_text></correct_text>
    </node>
    <node id="38058.txt_14_0">
        <original_text>have bigger mugs for coffee</original_text>
        <correct_text></correct_text>
    </node>
    <node id="38058.txt_13_0">
        <original_text>have bigger mugs for tea</original_text>
        <correct_text></correct_text>
    </node>
    <node id="153220.txt_3_0">
        <original_text>no more pre - dinner drink</original_text>
        <correct_text></correct_text>
    </node>
    <node id="187987.txt_4_0">
        <original_text>drink available on board was terrible</original_text>
        <correct_text></correct_text>
    </node>
    <node id="423204.txt_3_0">
        <original_text>wine selection poor</original_text>
        <correct_text>wine selection is poor</correct_text>
    </node>
    <node id="228464.txt_1_0">
        <original_text>A trolley serving coffee would be a welcome addition to the economy section</original_text>
        <correct_text></correct_text>
    </node>
    <node id="15589.txt_5_0">
        <original_text>No drinks offered</original_text>
        <correct_text></correct_text>
    </node>
    <node id="446414.txt_3_0">
        <original_text>Bring back the welcome drink</original_text>
        <correct_text></correct_text>
    </node>
    <node id="228464.txt_1_2">
        <original_text>coffee would be a welcome addition</original_text>
        <correct_text></correct_text>
    </node>
    <node id="500967.txt_6_1">
        <original_text>quality of drinks at the bar are low standard</original_text>
        <correct_text>quality of drinks at the bar is low standard</correct_text>
    </node>
    <node id="228464.txt_1_1">
        <original_text>coffee would be a welcome addition to the economy section</original_text>
        <correct_text></correct_text>
    </node>
    <node id="500967.txt_6_3">
        <original_text>quality of drinks are low standard</original_text>
        <correct_text></correct_text>
    </node>
    <node id="228464.txt_2_1">
        <original_text>tea would be a welcome addition to the economy section</original_text>
        <correct_text></correct_text>
    </node>
    <node id="228464.txt_2_0">
        <original_text>A trolley serving tea would be a welcome addition to the economy section</original_text>
        <correct_text></correct_text>
    </node>
    <node id="418508.txt_10_0">
        <original_text>There should be real milk , not fake prepackaged junk</original_text>
        <correct_text></correct_text>
    </node>
    <node id="418508.txt_10_1">
        <original_text>There should be real milk ,</original_text>
        <correct_text></correct_text>
    </node>
    <node id="63301.txt_1_0">
        <original_text>You could bring back champagne in leisure select</original_text>
        <correct_text></correct_text>
    </node>
    <node id="418508.txt_5_0">
        <original_text>There should be a proper expresso machine , not that horrible nespresso</original_text>
        <correct_text>There should be a proper espresso machine , not that horrible nespresso</correct_text>
    </node>
    <node id="57576.txt_3_0">
        <original_text>drink quality has declined over time</original_text>
        <correct_text></correct_text>
    </node>
    <node id="500967.txt_6_0">
        <original_text>quality of drinks at the bar are very low standard</original_text>
        <correct_text>quality of drinks at the bar is very low standard</correct_text>
    </node>
    <node id="305036.txt_1_1">
        <original_text>there is no champagne on offer</original_text>
        <correct_text></correct_text>
    </node>
    <node id="228464.txt_2_2">
        <original_text>tea would be a welcome addition</original_text>
        <correct_text></correct_text>
    </node>
    <node id="327783.txt_4_0">
        <original_text>fresh coffee is nicer than instant coffee</original_text>
        <correct_text></correct_text>
    </node>
    <edge id="500967.txt_6_3-418508.txt_5_0" source="418508.txt_5_0" target="500967.txt_6_3"/>
    <edge id="237090.txt_2_0-228464.txt_1_2" source="228464.txt_1_2" target="237090.txt_2_0"/>
    <edge id="187987.txt_4_1-187987.txt_4_0" source="187987.txt_4_0" target="187987.txt_4_1"/>
    <edge id="187987.txt_4_1-500967.txt_6_0" source="500967.txt_6_0" target="187987.txt_4_1"/>
    <edge id="423204.txt_3_0-305036.txt_1_0" source="305036.txt_1_0" target="423204.txt_3_0"/>
    <edge id="500967.txt_6_3-500967.txt_6_2" source="500967.txt_6_2" target="500967.txt_6_3"/>
    <edge id="63301.txt_1_1-63301.txt_1_0" source="63301.txt_1_0" target="63301.txt_1_1"/>
    <edge id="305036.txt_1_1-63301.txt_1_1" source="63301.txt_1_1" target="305036.txt_1_1"/>
    <edge id="522350.txt_3_0-228464.txt_2_1" source="228464.txt_2_1" target="522350.txt_3_0"/>
    <edge id="500967.txt_6_3-418508.txt_5_1" source="418508.txt_5_1" target="500967.txt_6_3"/>
    <edge id="237090.txt_2_0-63301.txt_1_1" source="63301.txt_1_1" target="237090.txt_2_0"/>
    <edge id="237090.txt_2_0-305036.txt_1_0" source="305036.txt_1_0" target="237090.txt_2_0"/>
    <edge id="522350.txt_3_0-228464.txt_1_0" source="228464.txt_1_0" target="522350.txt_3_0"/>
    <edge id="423204.txt_3_0-63301.txt_1_0" source="63301.txt_1_0" target="423204.txt_3_0"/>
    <edge id="187987.txt_4_1-418508.txt_5_0" source="418508.txt_5_0" target="187987.txt_4_1"/>
    <edge id="500967.txt_6_3-187987.txt_4_1" source="187987.txt_4_1" target="500967.txt_6_3"/>
    <edge id="423204.txt_3_0-63301.txt_1_1" source="63301.txt_1_1" target="423204.txt_3_0"/>
    <edge id="228464.txt_1_2-228464.txt_1_0" source="228464.txt_1_0" target="228464.txt_1_2"/>
    <edge id="305036.txt_1_1-63301.txt_1_0" source="63301.txt_1_0" target="305036.txt_1_1"/>
    <edge id="500967.txt_6_3-418508.txt_10_1" source="418508.txt_10_1" target="500967.txt_6_3"/>
    <edge id="500967.txt_6_2-187987.txt_4_1" source="187987.txt_4_1" target="500967.txt_6_2"/>
    <edge id="500967.txt_6_2-187987.txt_4_0" source="187987.txt_4_0" target="500967.txt_6_2"/>
    <edge id="237090.txt_2_0-305036.txt_1_1" source="305036.txt_1_1" target="237090.txt_2_0"/>
    <edge id="187987.txt_4_1-418508.txt_10_0" source="418508.txt_10_0" target="187987.txt_4_1"/>
    <edge id="305036.txt_1_0-63301.txt_1_1" source="63301.txt_1_1" target="305036.txt_1_0"/>
    <edge id="228464.txt_1_2-228464.txt_1_1" source="228464.txt_1_1" target="228464.txt_1_2"/>
    <edge id="500967.txt_6_2-418508.txt_10_0" source="418508.txt_10_0" target="500967.txt_6_2"/>
    <edge id="522350.txt_3_0-423204.txt_3_0" source="423204.txt_3_0" target="522350.txt_3_0"/>
    <edge id="500967.txt_6_3-500967.txt_6_1" source="500967.txt_6_1" target="500967.txt_6_3"/>
    <edge id="522350.txt_3_0-63301.txt_1_0" source="63301.txt_1_0" target="522350.txt_3_0"/>
    <edge id="522350.txt_3_0-237090.txt_2_0" source="237090.txt_2_0" target="522350.txt_3_0"/>
    <edge id="500967.txt_6_3-187987.txt_4_0" source="187987.txt_4_0" target="500967.txt_6_3"/>
    <edge id="228464.txt_2_1-228464.txt_2_0" source="228464.txt_2_0" target="228464.txt_2_1"/>
    <edge id="522350.txt_3_0-228464.txt_1_1" source="228464.txt_1_1" target="522350.txt_3_0"/>
    <edge id="500967.txt_6_1-500967.txt_6_0" source="500967.txt_6_0" target="500967.txt_6_1"/>
    <edge id="522350.txt_3_0-305036.txt_1_0" source="305036.txt_1_0" target="522350.txt_3_0"/>
    <edge id="237090.txt_2_0-228464.txt_2_0" source="228464.txt_2_0" target="237090.txt_2_0"/>
    <edge id="228464.txt_2_2-228464.txt_2_1" source="228464.txt_2_1" target="228464.txt_2_2"/>
    <edge id="500967.txt_6_3-418508.txt_8_0" source="418508.txt_8_0" target="500967.txt_6_3"/>
    <edge id="237090.txt_2_0-228464.txt_1_0" source="228464.txt_1_0" target="237090.txt_2_0"/>
    <edge id="237090.txt_2_0-522350.txt_3_0" source="522350.txt_3_0" target="237090.txt_2_0"/>
    <edge id="228464.txt_2_2-228464.txt_2_0" source="228464.txt_2_0" target="228464.txt_2_2"/>
    <edge id="500967.txt_6_2-418508.txt_5_0" source="418508.txt_5_0" target="500967.txt_6_2"/>
    <edge id="500967.txt_6_3-500967.txt_6_0" source="500967.txt_6_0" target="500967.txt_6_3"/>
    <edge id="237090.txt_2_0-228464.txt_1_1" source="228464.txt_1_1" target="237090.txt_2_0"/>
    <edge id="500967.txt_6_2-500967.txt_6_0" source="500967.txt_6_0" target="500967.txt_6_2"/>
    <edge id="500967.txt_6_3-57576.txt_3_0" source="57576.txt_3_0" target="500967.txt_6_3"/>
    <edge id="500967.txt_6_3-418508.txt_10_0" source="418508.txt_10_0" target="500967.txt_6_3"/>
    <edge id="522350.txt_3_0-63301.txt_1_1" source="63301.txt_1_1" target="522350.txt_3_0"/>
    <edge id="63301.txt_1_1-305036.txt_1_0" source="305036.txt_1_0" target="63301.txt_1_1"/>
    <edge id="418508.txt_10_1-418508.txt_10_0" source="418508.txt_10_0" target="418508.txt_10_1"/>
    <edge id="237090.txt_2_0-63301.txt_1_0" source="63301.txt_1_0" target="237090.txt_2_0"/>
    <edge id="522350.txt_3_0-228464.txt_2_0" source="228464.txt_2_0" target="522350.txt_3_0"/>
    <edge id="237090.txt_2_0-423204.txt_3_0" source="423204.txt_3_0" target="237090.txt_2_0"/>
    <edge id="187987.txt_4_1-500967.txt_6_2" source="500967.txt_6_2" target="187987.txt_4_1"/>
    <edge id="522350.txt_3_0-228464.txt_2_2" source="228464.txt_2_2" target="522350.txt_3_0"/>
    <edge id="522350.txt_3_0-228464.txt_1_2" source="228464.txt_1_2" target="522350.txt_3_0"/>
    <edge id="522350.txt_3_0-305036.txt_1_1" source="305036.txt_1_1" target="522350.txt_3_0"/>
    <edge id="418508.txt_5_1-418508.txt_5_0" source="418508.txt_5_0" target="418508.txt_5_1"/>
    <edge id="305036.txt_1_1-305036.txt_1_0" source="305036.txt_1_0" target="305036.txt_1_1"/>
    <edge id="228464.txt_1_1-228464.txt_1_0" source="228464.txt_1_0" target="228464.txt_1_1"/>
    <edge id="305036.txt_1_0-63301.txt_1_0" source="63301.txt_1_0" target="305036.txt_1_0"/>
    <edge id="237090.txt_2_0-228464.txt_2_1" source="228464.txt_2_1" target="237090.txt_2_0"/>
    <edge id="423204.txt_3_0-305036.txt_1_1" source="305036.txt_1_1" target="423204.txt_3_0"/>
    <edge id="237090.txt_2_0-228464.txt_2_2" source="228464.txt_2_2" target="237090.txt_2_0"/>
</F_entailment_graph>
