<?xml version="1.0" encoding="UTF-8" standalone="yes"?>
<F_entailment_graph nodeNum="4">
    <node id="305036.txt_3_0" modality="FALSE" explicit_context="305036.txt" implicit_context="" focus="portions" implicit_focus="">
        <original_text>the portions are getting rather smaller each time</original_text>
        <correct_text></correct_text>
    </node>
    <node id="305036.txt_3_1" modality="FALSE" explicit_context="305036.txt" implicit_context="" focus="portions" implicit_focus="">
        <original_text>the portions are getting rather smaller</original_text>
        <correct_text></correct_text>
    </node>
    <node id="305036.txt_3_2" modality="FALSE" explicit_context="305036.txt" implicit_context="" focus="portions" implicit_focus="">
        <original_text>the portions are getting smaller each time</original_text>
        <correct_text></correct_text>
    </node>
    <node id="305036.txt_3_3" modality="FALSE" explicit_context="305036.txt" implicit_context="" focus="portions" implicit_focus="">
        <original_text>the portions are getting smaller</original_text>
        <correct_text></correct_text>
    </node>
    <edge id="305036.txt_3_0-305036.txt_3_1" source="305036.txt_3_0" target="305036.txt_3_1"/>
    <edge id="305036.txt_3_0-305036.txt_3_2" source="305036.txt_3_0" target="305036.txt_3_2"/>
    <edge id="305036.txt_3_1-305036.txt_3_3" source="305036.txt_3_1" target="305036.txt_3_3"/>
    <edge id="305036.txt_3_2-305036.txt_3_3" source="305036.txt_3_2" target="305036.txt_3_3"/>
    <edge id="305036.txt_3_0-305036.txt_3_3" source="305036.txt_3_0" target="305036.txt_3_3"/>
</F_entailment_graph>
