<?xml version="1.0" encoding="UTF-8" standalone="yes"?>
<F_entailment_graph nodeNum="4">
    <node id="399686.txt_2_0" modality="FALSE" explicit_context="399686.txt" implicit_context="" focus="food" implicit_focus="">
        <original_text>Standard magnum food portions are insultingly small</original_text>
        <correct_text></correct_text>
    </node>
    <node id="399686.txt_2_1" modality="FALSE" explicit_context="399686.txt" implicit_context="" focus="food" implicit_focus="">
        <original_text>Standard magnum food portions are small</original_text>
        <correct_text></correct_text>
    </node>
    <node id="399686.txt_2_2" modality="FALSE" explicit_context="399686.txt" implicit_context="" focus="food" implicit_focus="">
        <original_text>food portions are insultingly small</original_text>
        <correct_text></correct_text>
    </node>
    <node id="399686.txt_2_3" modality="FALSE" explicit_context="399686.txt" implicit_context="" focus="food" implicit_focus="">
        <original_text>food portions are small</original_text>
        <correct_text></correct_text>
    </node>
    <edge id="399686.txt_2_0-399686.txt_2_1" source="399686.txt_2_0" target="399686.txt_2_1"/>
    <edge id="399686.txt_2_0-399686.txt_2_2" source="399686.txt_2_0" target="399686.txt_2_2"/>
    <edge id="399686.txt_2_1-399686.txt_2_3" source="399686.txt_2_1" target="399686.txt_2_3"/>
    <edge id="399686.txt_2_2-399686.txt_2_3" source="399686.txt_2_2" target="399686.txt_2_3"/>
    <edge id="399686.txt_2_0-399686.txt_2_3" source="399686.txt_2_0" target="399686.txt_2_3"/>
</F_entailment_graph>
