<?xml version="1.0" encoding="UTF-8" standalone="yes"?>
<F_entailment_graph nodeNum="4">
    <node id="105536.txt_5_0">
        <original_text>food was not delivered properly</original_text>
        <correct_text></correct_text>
    </node>
    <node id="326254.txt_1_0">
        <original_text>You could improve by bringuing food closer to me</original_text>
        <correct_text>You could improve by bringing food closer to me</correct_text>
    </node>
    <node id="220190.txt_1_0">
        <original_text>our meal was not delivered with a smile</original_text>
        <correct_text></correct_text>
    </node>
    <node id="464852.txt_1_0">
        <original_text>Service food depends on who it is some better then others</original_text>
        <correct_text></correct_text>
    </node>
    <edge id="105536.txt_5_0-220190.txt_1_0" source="220190.txt_1_0" target="105536.txt_5_0"/>
    <edge id="105536.txt_5_0-326254.txt_1_0" source="326254.txt_1_0" target="105536.txt_5_0"/>
</F_entailment_graph>
