<?xml version="1.0" encoding="UTF-8" standalone="yes"?>
<F_entailment_graph nodeNum="3">
    <node id="112459.txt_1_0" modality="FALSE" explicit_context="112459.txt" implicit_context="" focus="food" implicit_focus="">
        <original_text>food in the undercroft bar was awful</original_text>
        <correct_text></correct_text>
    </node>
    <node id="112459.txt_1_1" modality="FALSE" explicit_context="112459.txt" implicit_context="" focus="food" implicit_focus="">
        <original_text>food in the bar was awful</original_text>
        <correct_text></correct_text>
    </node>
    <node id="112459.txt_1_2" modality="FALSE" explicit_context="112459.txt" implicit_context="" focus="food" implicit_focus="">
        <original_text>food was awful</original_text>
        <correct_text></correct_text>
    </node>
    <edge id="112459.txt_1_0-112459.txt_1_1" source="112459.txt_1_0" target="112459.txt_1_1"/>
    <edge id="112459.txt_1_1-112459.txt_1_2" source="112459.txt_1_1" target="112459.txt_1_2"/>
    <edge id="112459.txt_1_0-112459.txt_1_2" source="112459.txt_1_0" target="112459.txt_1_2"/>
</F_entailment_graph>
