<?xml version="1.0" encoding="UTF-8" standalone="yes"?>
<F_entailment_graph nodeNum="2">
    <node id="137621.txt_1_0" modality="FALSE" explicit_context="137621.txt" implicit_context="" focus="Food" implicit_focus="">
        <original_text>Food is really weak</original_text>
        <correct_text></correct_text>
    </node>
    <node id="137621.txt_1_1" modality="FALSE" explicit_context="137621.txt" implicit_context="" focus="Food" implicit_focus="">
        <original_text>Food is weak</original_text>
        <correct_text></correct_text>
    </node>
    <edge id="137621.txt_1_0-137621.txt_1_1" source="137621.txt_1_0" target="137621.txt_1_1"/>
</F_entailment_graph>
