<?xml version="1.0" encoding="UTF-8" standalone="yes"?>
<F_entailment_graph nodeNum="2">
    <node id="187987.txt_3_0" modality="FALSE" explicit_context="187987.txt" implicit_context="" focus="food" implicit_focus="">
        <original_text>food available on board was terrible</original_text>
        <correct_text></correct_text>
    </node>
    <node id="187987.txt_3_1" modality="FALSE" explicit_context="187987.txt" implicit_context="" focus="food" implicit_focus="">
        <original_text>food was terrible</original_text>
        <correct_text></correct_text>
    </node>
    <edge id="187987.txt_3_0-187987.txt_3_1" source="187987.txt_3_0" target="187987.txt_3_1"/>
</F_entailment_graph>
