<?xml version="1.0" encoding="UTF-8" standalone="yes"?>
<F_entailment_graph nodeNum="2">
    <node id="190617.txt_5_0" modality="FALSE" explicit_context="190617.txt" implicit_context="" focus="food" implicit_focus="">
        <original_text>food in all classes is execrable</original_text>
        <correct_text></correct_text>
    </node>
    <node id="190617.txt_5_1" modality="FALSE" explicit_context="190617.txt" implicit_context="" focus="food" implicit_focus="">
        <original_text>food is execrable</original_text>
        <correct_text></correct_text>
    </node>
    <edge id="190617.txt_5_0-190617.txt_5_1" source="190617.txt_5_0" target="190617.txt_5_1"/>
</F_entailment_graph>
