<?xml version="1.0" encoding="UTF-8" standalone="yes"?>
<F_entailment_graph nodeNum="2">
    <node id="201627.txt_1_0" modality="FALSE" explicit_context="201627.txt" implicit_context="" focus="Food" implicit_focus="">
        <original_text>Food on the train is awful</original_text>
        <correct_text></correct_text>
    </node>
    <node id="201627.txt_1_1" modality="FALSE" explicit_context="201627.txt" implicit_context="" focus="Food" implicit_focus="">
        <original_text>Food is awful</original_text>
        <correct_text></correct_text>
    </node>
    <edge id="201627.txt_1_0-201627.txt_1_1" source="201627.txt_1_0" target="201627.txt_1_1"/>
</F_entailment_graph>
