<?xml version="1.0" encoding="UTF-8" standalone="yes"?>
<F_entailment_graph nodeNum="2">
    <node id="223945.txt_1_0" modality="FALSE" explicit_context="223945.txt" implicit_context="" focus="food" implicit_focus="">
        <original_text>Improvements in food are greatly needed</original_text>
        <correct_text></correct_text>
    </node>
    <node id="223945.txt_1_1" modality="FALSE" explicit_context="223945.txt" implicit_context="" focus="food" implicit_focus="">
        <original_text>Improvements in food are needed</original_text>
        <correct_text></correct_text>
    </node>
    <edge id="223945.txt_1_0-223945.txt_1_1" source="223945.txt_1_0" target="223945.txt_1_1"/>
</F_entailment_graph>
