<?xml version="1.0" encoding="UTF-8" standalone="yes"?>
<F_entailment_graph nodeNum="2">
    <node id="242866.txt_6_0" modality="FALSE" explicit_context="242866.txt" implicit_context="" focus="food" implicit_focus="">
        <original_text>There 's no normal food anywhere</original_text>
        <correct_text>There's no normal food anywhere</correct_text>
    </node>
    <node id="242866.txt_6_1" modality="FALSE" explicit_context="242866.txt" implicit_context="" focus="food" implicit_focus="">
        <original_text>There 's no normal food</original_text>
        <correct_text>There's no normal food</correct_text>
    </node>
    <edge id="242866.txt_6_0-242866.txt_6_1" source="242866.txt_6_0" target="242866.txt_6_1"/>
</F_entailment_graph>
