<?xml version="1.0" encoding="UTF-8" standalone="yes"?>
<F_entailment_graph nodeNum="2">
    <node id="273791.txt_1_0" modality="TRUE" explicit_context="273791.txt" implicit_context="" focus="food" implicit_focus="">
        <original_text>food could be better in business</original_text>
        <correct_text></correct_text>
    </node>
    <node id="273791.txt_1_1" modality="TRUE" explicit_context="273791.txt" implicit_context="" focus="food" implicit_focus="">
        <original_text>food could be better</original_text>
        <correct_text></correct_text>
    </node>
    <edge id="273791.txt_1_0-273791.txt_1_1" source="273791.txt_1_0" target="273791.txt_1_1"/>
</F_entailment_graph>
