<?xml version="1.0" encoding="UTF-8" standalone="yes"?>
<F_entailment_graph nodeNum="2">
    <node id="296422.txt_1_0" modality="FALSE" explicit_context="296422.txt" implicit_context="" focus="food" implicit_focus="">
        <original_text>food is as always not good</original_text>
        <correct_text></correct_text>
    </node>
    <node id="296422.txt_1_1" modality="FALSE" explicit_context="296422.txt" implicit_context="" focus="food" implicit_focus="">
        <original_text>food is not good</original_text>
        <correct_text></correct_text>
    </node>
    <edge id="296422.txt_1_0-296422.txt_1_1" source="296422.txt_1_0" target="296422.txt_1_1"/>
</F_entailment_graph>
