<?xml version="1.0" encoding="UTF-8" standalone="yes"?>
<F_entailment_graph nodeNum="2">
    <node id="365365.txt_1_0" modality="FALSE" explicit_context="365365.txt" implicit_context="" focus="food" implicit_focus="">
        <original_text>food was very bad</original_text>
        <correct_text></correct_text>
    </node>
    <node id="365365.txt_1_1" modality="FALSE" explicit_context="365365.txt" implicit_context="" focus="food" implicit_focus="">
        <original_text>food was bad</original_text>
        <correct_text></correct_text>
    </node>
    <edge id="365365.txt_1_0-365365.txt_1_1" source="365365.txt_1_0" target="365365.txt_1_1"/>
</F_entailment_graph>
