<?xml version="1.0" encoding="UTF-8" standalone="yes"?>
<F_entailment_graph nodeNum="2">
    <node id="440557.txt_8_0" modality="FALSE" explicit_context="440557.txt" implicit_context="" focus="food" implicit_focus="">
        <original_text>The food on board is disgusting</original_text>
        <correct_text></correct_text>
    </node>
    <node id="440557.txt_8_1" modality="FALSE" explicit_context="440557.txt" implicit_context="" focus="food" implicit_focus="">
        <original_text>The food is disgusting</original_text>
        <correct_text></correct_text>
    </node>
    <edge id="440557.txt_8_0-440557.txt_8_1" source="440557.txt_8_0" target="440557.txt_8_1"/>
</F_entailment_graph>
