<?xml version="1.0" encoding="UTF-8" standalone="yes"?>
<F_entailment_graph nodeNum="4">
    <node id="11.txt_5_0" modality="FALSE" explicit_context="11.txt" implicit_context="" focus="tickets" implicit_focus="">
        <original_text>Cannot retrieve tickets at Moonport station with card</original_text>
        <correct_text></correct_text>
    </node>
    <node id="11.txt_5_1" modality="FALSE" explicit_context="11.txt" implicit_context="" focus="tickets" implicit_focus="">
        <original_text>Cannot retrieve tickets at Moonport station</original_text>
        <correct_text></correct_text>
    </node>
    <node id="11.txt_5_2" modality="FALSE" explicit_context="11.txt" implicit_context="" focus="tickets" implicit_focus="">
        <original_text>Cannot retrieve tickets with card</original_text>
        <correct_text></correct_text>
    </node>
    <node id="11.txt_5_3" modality="FALSE" explicit_context="11.txt" implicit_context="" focus="tickets" implicit_focus="">
        <original_text>Cannot retrieve tickets</original_text>
        <correct_text></correct_text>
    </node>
    <edge id="11.txt_5_0-11.txt_5_1" source="11.txt_5_0" target="11.txt_5_1"/>
    <edge id="11.txt_5_0-11.txt_5_2" source="11.txt_5_0" target="11.txt_5_2"/>
    <edge id="11.txt_5_1-11.txt_5_3" source="11.txt_5_1" target="11.txt_5_3"/>
    <edge id="11.txt_5_2-11.txt_5_3" source="11.txt_5_2" target="11.txt_5_3"/>
    <edge id="11.txt_5_0-11.txt_5_3" source="11.txt_5_0" target="11.txt_5_3"/>
</F_entailment_graph>
