<?xml version="1.0" encoding="UTF-8" standalone="yes"?>
<F_entailment_graph nodeNum="2">
    <node id="14.txt_1_0" modality="TRUE" explicit_context="14.txt" implicit_context="" focus="ticket" implicit_focus="">
        <original_text>It would be great to have ticket at a reasonable price not only 3 months in advance</original_text>
        <correct_text></correct_text>
    </node>
    <node id="14.txt_1_1" modality="" explicit_context="14.txt" implicit_context="" focus="ticket" implicit_focus="">
        <original_text>It would be great to have ticket at a reasonable price</original_text>
        <correct_text></correct_text>
    </node>
    <edge id="14.txt_1_0-14.txt_1_1" source="14.txt_1_0" target="14.txt_1_1"/>
</F_entailment_graph>
