<?xml version="1.0" encoding="UTF-8" standalone="yes"?>
<F_entailment_graph nodeNum="2">
    <node id="16.txt_1_0" modality="FALSE" explicit_context="16.txt" implicit_context="" focus="tickets" implicit_focus="">
        <original_text>Allow fully flexible economy tickets</original_text>
        <correct_text></correct_text>
    </node>
    <node id="16.txt_1_1" modality="FALSE" explicit_context="16.txt" implicit_context="" focus="tickets" implicit_focus="">
        <original_text>Allow flexible economy tickets</original_text>
        <correct_text></correct_text>
    </node>
    <edge id="16.txt_1_0-16.txt_1_1" source="16.txt_1_0" target="16.txt_1_1"/>
</F_entailment_graph>
