<?xml version="1.0" encoding="UTF-8" standalone="yes"?>
<F_entailment_graph nodeNum="2">
    <node id="18.txt_2_0" modality="FALSE" explicit_context="18.txt" implicit_context="" focus="offers" implicit_focus="">
        <original_text>offers on 1st class travel for leisure travellers</original_text>
        <correct_text></correct_text>
    </node>
    <node id="18.txt_2_1" modality="FALSE" explicit_context="18.txt" implicit_context="" focus="offers" implicit_focus="">
        <original_text>offers on 1st class travel</original_text>
        <correct_text></correct_text>
    </node>
    <edge id="18.txt_2_0-18.txt_2_1" source="18.txt_2_0" target="18.txt_2_1"/>
</F_entailment_graph>
