<?xml version="1.0" encoding="UTF-8" standalone="yes"?>
<F_entailment_graph nodeNum="2">
    <node id="20.txt_1_0" modality="FALSE" explicit_context="20.txt" implicit_context="" focus="tickets" implicit_focus="">
        <original_text>cheaper tickets at shorter notice</original_text>
        <correct_text></correct_text>
    </node>
    <node id="20.txt_1_1" modality="FALSE" explicit_context="20.txt" implicit_context="" focus="tickets" implicit_focus="">
        <original_text>cheaper tickets</original_text>
        <correct_text></correct_text>
    </node>
    <edge id="20.txt_1_0-20.txt_1_1" source="20.txt_1_0" target="20.txt_1_1"/>
</F_entailment_graph>
