<?xml version="1.0" encoding="UTF-8" standalone="yes"?>
<F_entailment_graph nodeNum="2">
    <node id="21.txt_1_0" modality="FALSE" explicit_context="21.txt" implicit_context="" focus="lounge" implicit_focus="">
        <original_text>access to the lounge for premium standard tickets</original_text>
        <correct_text></correct_text>
    </node>
    <node id="21.txt_1_1" modality="FALSE" explicit_context="21.txt" implicit_context="" focus="lounge" implicit_focus="">
        <original_text>access to the lounge</original_text>
        <correct_text></correct_text>
    </node>
    <edge id="21.txt_1_0-21.txt_1_1" source="21.txt_1_0" target="21.txt_1_1"/>
</F_entailment_graph>
