<?xml version="1.0" encoding="UTF-8" standalone="yes"?>
<F_entailment_graph nodeNum="2">
    <node id="22.txt_1_0" modality="TRUE" explicit_context="22.txt" implicit_context="" focus="ticket" implicit_focus="">
        <original_text>You need to be more flexible in terms of change of ticket even if not flexible</original_text>
        <correct_text></correct_text>
    </node>
    <node id="22.txt_1_1" modality="TRUE" explicit_context="22.txt" implicit_context="" focus="ticket" implicit_focus="">
        <original_text>You need to be more flexible in terms of change of ticket</original_text>
        <correct_text></correct_text>
    </node>
    <edge id="22.txt_1_0-22.txt_1_1" source="22.txt_1_0" target="22.txt_1_1"/>
</F_entailment_graph>
