<?xml version="1.0" encoding="UTF-8" standalone="yes"?>
<F_entailment_graph nodeNum="2">
    <node id="23.txt_2_0" modality="FALSE" explicit_context="23.txt" implicit_context="" focus="tickets" implicit_focus="">
        <original_text>be able to change semi flexible tickets online</original_text>
        <correct_text></correct_text>
    </node>
    <node id="23.txt_2_1" modality="FALSE" explicit_context="23.txt" implicit_context="" focus="tickets" implicit_focus="">
        <original_text>be able to change tickets online</original_text>
        <correct_text></correct_text>
    </node>
    <edge id="23.txt_2_0-23.txt_2_1" source="23.txt_2_0" target="23.txt_2_1"/>
</F_entailment_graph>
