<?xml version="1.0" encoding="UTF-8" standalone="yes"?>
<F_entailment_graph nodeNum="2">
    <node id="27.txt_1_0" modality="FALSE" explicit_context="27.txt" implicit_context="" focus="ticket" implicit_focus="">
        <original_text>The ticket machine always has problems</original_text>
        <correct_text></correct_text>
    </node>
    <node id="27.txt_1_1" modality="FALSE" explicit_context="27.txt" implicit_context="" focus="ticket" implicit_focus="">
        <original_text>The ticket machine has problems</original_text>
        <correct_text></correct_text>
    </node>
    <edge id="27.txt_1_0-27.txt_1_1" source="27.txt_1_0" target="27.txt_1_1"/>
</F_entailment_graph>
