<?xml version="1.0" encoding="UTF-8" standalone="yes"?>
<F_entailment_graph nodeNum="4">
    <node id="29.txt_1_0" modality="FALSE" explicit_context="29.txt" implicit_context="" focus="tickets" implicit_focus="">
        <original_text>More cheap tickets deals at odd moments , not just when booked in advance</original_text>
        <correct_text>More cheap tickets deals at all moments, not just when booked in advance</correct_text>
    </node>
    <node id="29.txt_1_1" modality="FALSE" explicit_context="29.txt" implicit_context="" focus="tickets" implicit_focus="">
        <original_text>More cheap tickets deals , not just when booked in advance</original_text>
        <correct_text>More cheap tickets deals, not just when booked in advance</correct_text>
    </node>
    <node id="29.txt_1_2" modality="FALSE" explicit_context="29.txt" implicit_context="" focus="tickets" implicit_focus="">
        <original_text>More cheap tickets deals at odd moments ,</original_text>
        <correct_text>More cheap tickets deals at all moments</correct_text>
    </node>
    <node id="29.txt_1_3" modality="FALSE" explicit_context="29.txt" implicit_context="" focus="tickets" implicit_focus="">
        <original_text>More cheap tickets deals ,</original_text>
        <correct_text>More cheap tickets deals,</correct_text>
    </node>
    <edge id="29.txt_1_0-29.txt_1_1" source="29.txt_1_0" target="29.txt_1_1"/>
    <edge id="29.txt_1_0-29.txt_1_2" source="29.txt_1_0" target="29.txt_1_2"/>
    <edge id="29.txt_1_1-29.txt_1_3" source="29.txt_1_1" target="29.txt_1_3"/>
    <edge id="29.txt_1_2-29.txt_1_3" source="29.txt_1_2" target="29.txt_1_3"/>
    <edge id="29.txt_1_0-29.txt_1_3" source="29.txt_1_0" target="29.txt_1_3"/>
</F_entailment_graph>
