<?xml version="1.0" encoding="UTF-8" standalone="yes"?>
<F_entailment_graph nodeNum="2">
    <node id="31.txt_3_0" modality="FALSE" explicit_context="31.txt" implicit_context="" focus="tickets" implicit_focus="">
        <original_text>print at home tickets take up too much paper</original_text>
        <correct_text></correct_text>
    </node>
    <node id="31.txt_3_1" modality="FALSE" explicit_context="31.txt" implicit_context="" focus="tickets" implicit_focus="">
        <original_text>tickets take up too much paper</original_text>
        <correct_text></correct_text>
    </node>
    <edge id="31.txt_3_0-31.txt_3_1" source="31.txt_3_0" target="31.txt_3_1"/>
</F_entailment_graph>
