<?xml version="1.0" encoding="UTF-8" standalone="yes"?>
<F_entailment_graph nodeNum="2">
    <node id="32.txt_1_0" modality="TRUE" explicit_context="32.txt" implicit_context="" focus="tickets" implicit_focus="">
        <original_text>it would be easier for me to be on time if the tickets listed boarding time as well as departure time</original_text>
        <correct_text></correct_text>
    </node>
    <node id="32.txt_1_1" modality="TRUE" explicit_context="32.txt" implicit_context="" focus="tickets" implicit_focus="">
        <original_text>it would be easier for me to be on time if the tickets listed boarding time</original_text>
        <correct_text></correct_text>
    </node>
    <edge id="32.txt_1_0-32.txt_1_1" source="32.txt_1_0" target="32.txt_1_1"/>
</F_entailment_graph>
