<?xml version="1.0" encoding="UTF-8" standalone="yes"?>
<F_entailment_graph nodeNum="2">
    <node id="37.txt_1_0" modality="FALSE" explicit_context="37.txt" implicit_context="" focus="ticket" implicit_focus="">
        <original_text>Introduce a season ticket for weekly travellers</original_text>
        <correct_text></correct_text>
    </node>
    <node id="37.txt_1_1" modality="FALSE" explicit_context="37.txt" implicit_context="" focus="ticket" implicit_focus="">
        <original_text>Introduce a season ticket</original_text>
        <correct_text></correct_text>
    </node>
    <edge id="37.txt_1_0-37.txt_1_1" source="37.txt_1_0" target="37.txt_1_1"/>
</F_entailment_graph>
