<?xml version="1.0" encoding="UTF-8" standalone="yes"?>
<F_entailment_graph nodeNum="2">
    <node id="46653.txt_1_0" modality="FALSE" explicit_context="46653.txt" implicit_context="" focus="tickets" implicit_focus="">
        <original_text>The e - tickets weren't entirely straightforward with the scanners</original_text>
        <correct_text></correct_text>
    </node>
    <node id="46653.txt_1_1" modality="FALSE" explicit_context="46653.txt" implicit_context="" focus="tickets" implicit_focus="">
        <original_text>The e - tickets weren't straightforward with the scanners</original_text>
        <correct_text></correct_text>
    </node>
    <edge id="46653.txt_1_0-46653.txt_1_1" source="46653.txt_1_0" target="46653.txt_1_1"/>
</F_entailment_graph>
