<?xml version="1.0" encoding="UTF-8" standalone="yes"?>
<F_entailment_graph nodeNum="2">
    <node id="6.txt_1_0" modality="FALSE" explicit_context="6.txt" implicit_context="" focus="tickets" implicit_focus="">
        <original_text>make all tickets exchangeable</original_text>
        <correct_text></correct_text>
    </node>
    <node id="6.txt_1_1" modality="FALSE" explicit_context="6.txt" implicit_context="" focus="tickets" implicit_focus="">
        <original_text>make tickets exchangeable</original_text>
        <correct_text></correct_text>
    </node>
    <edge id="6.txt_1_0-6.txt_1_1" source="6.txt_1_0" target="6.txt_1_1"/>
</F_entailment_graph>
