<?xml version="1.0" encoding="UTF-8" standalone="yes"?>
<F_entailment_graph nodeNum="2">
    <node id="8.txt_1_0" modality="TRUE" explicit_context="8.txt" implicit_context="" focus="tickets" implicit_focus="">
        <original_text>Name changes on tickets should be allowed for a fee</original_text>
        <correct_text></correct_text>
    </node>
    <node id="8.txt_1_1" modality="TRUE" explicit_context="8.txt" implicit_context="" focus="tickets" implicit_focus="">
        <original_text>Name changes on tickets should be allowed</original_text>
        <correct_text></correct_text>
    </node>
    <edge id="8.txt_1_0-8.txt_1_1" source="8.txt_1_0" target="8.txt_1_1"/>
</F_entailment_graph>
