<?xml version="1.0" encoding="UTF-8" standalone="yes"?>
<F_entailment_graph nodeNum="4">
    <node id="9.txt_3_0" modality="FALSE" explicit_context="9.txt" implicit_context="" focus="tickets" implicit_focus="">
        <original_text>the tickets are not always checked at the gates</original_text>
        <correct_text></correct_text>
    </node>
    <node id="9.txt_3_1" modality="FALSE" explicit_context="9.txt" implicit_context="" focus="tickets" implicit_focus="">
        <original_text>the tickets are not always checked</original_text>
        <correct_text></correct_text>
    </node>
    <node id="9.txt_3_2" modality="FALSE" explicit_context="9.txt" implicit_context="" focus="tickets" implicit_focus="">
        <original_text>the tickets are not checked at the gates</original_text>
        <correct_text></correct_text>
    </node>
    <node id="9.txt_3_3" modality="FALSE" explicit_context="9.txt" implicit_context="" focus="tickets" implicit_focus="">
        <original_text>the tickets are not checked</original_text>
        <correct_text></correct_text>
    </node>
    <edge id="9.txt_3_0-9.txt_3_1" source="9.txt_3_0" target="9.txt_3_1"/>
    <edge id="9.txt_3_0-9.txt_3_2" source="9.txt_3_0" target="9.txt_3_2"/>
    <edge id="9.txt_3_1-9.txt_3_3" source="9.txt_3_1" target="9.txt_3_3"/>
    <edge id="9.txt_3_2-9.txt_3_3" source="9.txt_3_2" target="9.txt_3_3"/>
    <edge id="9.txt_3_0-9.txt_3_3" source="9.txt_3_0" target="9.txt_3_3"/>
</F_entailment_graph>
