<?xml version="1.0" encoding="UTF-8" standalone="yes"?>
<F_entailment_graph nodeNum="2">
    <node id="103691.txt_1_0" modality="FALSE" explicit_context="103691.txt" implicit_context="" focus="meals" implicit_focus="">
        <original_text>In Standard Magnum go back to the type and quality of meals you offered until about a year ago</original_text>
        <correct_text></correct_text>
    </node>
    <node id="103691.txt_1_3" modality="FALSE" explicit_context="103691.txt" implicit_context="" focus="meals" implicit_focus="">
        <original_text>go back to the type and quality of meals you offered until about a year ago</original_text>
        <correct_text></correct_text>
    </node>
    <edge id="103691.txt_1_0-103691.txt_1_3" source="103691.txt_1_0" target="103691.txt_1_3"/>
</F_entailment_graph>
