<?xml version="1.0" encoding="UTF-8" standalone="yes"?>
<F_entailment_graph nodeNum="2">
    <node id="103691.txt_5_0" modality="FALSE" explicit_context="103691.txt" implicit_context="" focus="food" implicit_focus="">
        <original_text>The new food offering is second rate</original_text>
        <correct_text></correct_text>
    </node>
    <node id="103691.txt_5_2" modality="FALSE" explicit_context="103691.txt" implicit_context="" focus="food" implicit_focus="">
        <original_text>The food offering is second rate</original_text>
        <correct_text></correct_text>
    </node>
    <edge id="103691.txt_5_0-103691.txt_5_2" source="103691.txt_5_0" target="103691.txt_5_2"/>
</F_entailment_graph>
