<?xml version="1.0" encoding="UTF-8" standalone="yes"?>
<F_entailment_graph nodeNum="4">
    <node id="106746.txt_4_0" modality="FALSE" explicit_context="106746.txt" implicit_context="" focus="food" implicit_focus="">
        <original_text>food is Standard Magnum is also very bad</original_text>
        <correct_text>food in Standard Magnum is also very bad</correct_text>
    </node>
    <node id="106746.txt_4_1" modality="FALSE" explicit_context="106746.txt" implicit_context="" focus="food" implicit_focus="">
        <original_text>food is Standard Magnum is also bad</original_text>
        <correct_text>food in Standard Magnum is also bad</correct_text>
    </node>
    <node id="106746.txt_4_3" modality="FALSE" explicit_context="106746.txt" implicit_context="" focus="food" implicit_focus="">
        <original_text>food is also very bad</original_text>
        <correct_text></correct_text>
    </node>
    <node id="106746.txt_4_5" modality="FALSE" explicit_context="106746.txt" implicit_context="" focus="food" implicit_focus="">
        <original_text>food is also bad</original_text>
        <correct_text></correct_text>
    </node>
    <edge id="106746.txt_4_0-106746.txt_4_1" source="106746.txt_4_0" target="106746.txt_4_1"/>
    <edge id="106746.txt_4_0-106746.txt_4_3" source="106746.txt_4_0" target="106746.txt_4_3"/>
    <edge id="106746.txt_4_3-106746.txt_4_5" source="106746.txt_4_3" target="106746.txt_4_5"/>
    <edge id="106746.txt_4_1-106746.txt_4_5" source="106746.txt_4_1" target="106746.txt_4_5"/>
    <edge id="106746.txt_4_0-106746.txt_4_5" source="106746.txt_4_0" target="106746.txt_4_5"/>
</F_entailment_graph>
