<?xml version="1.0" encoding="UTF-8" standalone="yes"?>
<F_entailment_graph nodeNum="2">
    <node id="109435.txt_1_0" modality="FALSE" explicit_context="109435.txt" implicit_context="" focus="Food" implicit_focus="">
        <original_text>Food was a bit average</original_text>
        <correct_text></correct_text>
    </node>
    <node id="109435.txt_1_1" modality="FALSE" explicit_context="109435.txt" implicit_context="" focus="Food" implicit_focus="">
        <original_text>Food was average</original_text>
        <correct_text></correct_text>
    </node>
    <edge id="109435.txt_1_0-109435.txt_1_1" source="109435.txt_1_0" target="109435.txt_1_1"/>
</F_entailment_graph>
