<?xml version="1.0" encoding="UTF-8" standalone="yes"?>
<F_entailment_graph nodeNum="2">
    <node id="178057.txt_1_0" modality="FALSE" explicit_context="178057.txt" implicit_context="" focus="food" implicit_focus="">
        <original_text>food is very average</original_text>
        <correct_text></correct_text>
    </node>
    <node id="178057.txt_1_1" modality="FALSE" explicit_context="178057.txt" implicit_context="" focus="food" implicit_focus="">
        <original_text>food is average</original_text>
        <correct_text></correct_text>
    </node>
    <edge id="178057.txt_1_0-178057.txt_1_1" source="178057.txt_1_0" target="178057.txt_1_1"/>
</F_entailment_graph>
