<?xml version="1.0" encoding="UTF-8" standalone="yes"?>
<F_entailment_graph nodeNum="2">
    <node id="186709.txt_3_0" modality="FALSE" explicit_context="186709.txt" implicit_context="" focus="food" implicit_focus="">
        <original_text>not warmed up food in the dining car</original_text>
        <correct_text></correct_text>
    </node>
    <node id="186709.txt_3_1" modality="FALSE" explicit_context="186709.txt" implicit_context="" focus="food" implicit_focus="">
        <original_text>not warmed up food</original_text>
        <correct_text></correct_text>
    </node>
    <edge id="186709.txt_3_0-186709.txt_3_1" source="186709.txt_3_0" target="186709.txt_3_1"/>
</F_entailment_graph>
