<?xml version="1.0" encoding="UTF-8" standalone="yes"?>
<F_entailment_graph nodeNum="2">
    <node id="279847.txt_1_0" modality="FALSE" explicit_context="279847.txt" implicit_context="" focus="Food" implicit_focus="">
        <original_text>Food still mediocre</original_text>
        <correct_text></correct_text>
    </node>
    <node id="279847.txt_1_1" modality="FALSE" explicit_context="279847.txt" implicit_context="" focus="Food" implicit_focus="">
        <original_text>Food mediocre</original_text>
        <correct_text></correct_text>
    </node>
    <edge id="279847.txt_1_0-279847.txt_1_1" source="279847.txt_1_0" target="279847.txt_1_1"/>
</F_entailment_graph>
