<?xml version="1.0" encoding="UTF-8" standalone="yes"?>
<F_entailment_graph nodeNum="2">
    <node id="30724.txt_1_0" modality="TRUE" explicit_context="30724.txt" implicit_context="" focus="Meal" implicit_focus="">
        <original_text>Meal needs to be improved in Standard Magnum</original_text>
        <correct_text></correct_text>
    </node>
    <node id="30724.txt_1_1" modality="TRUE" explicit_context="30724.txt" implicit_context="" focus="Meal" implicit_focus="">
        <original_text>Meal needs to be improved</original_text>
        <correct_text></correct_text>
    </node>
    <edge id="30724.txt_1_0-30724.txt_1_1" source="30724.txt_1_0" target="30724.txt_1_1"/>
</F_entailment_graph>
