<?xml version="1.0" encoding="UTF-8" standalone="yes"?>
<F_entailment_graph nodeNum="2">
    <node id="401238.txt_1_0" modality="FALSE" explicit_context="401238.txt" implicit_context="" focus="food" implicit_focus="">
        <original_text>The kiosk food is mediocre</original_text>
        <correct_text></correct_text>
    </node>
    <node id="401238.txt_1_1" modality="FALSE" explicit_context="401238.txt" implicit_context="" focus="food" implicit_focus="">
        <original_text>The food is mediocre</original_text>
        <correct_text></correct_text>
    </node>
    <edge id="401238.txt_1_0-401238.txt_1_1" source="401238.txt_1_0" target="401238.txt_1_1"/>
</F_entailment_graph>
