<?xml version="1.0" encoding="UTF-8" standalone="yes"?>
<F_entailment_graph nodeNum="2">
    <node id="451113.txt_1_0" modality="FALSE" explicit_context="451113.txt" implicit_context="" focus="Meal" implicit_focus="">
        <original_text>Meal is average on standard magnum</original_text>
        <correct_text></correct_text>
    </node>
    <node id="451113.txt_1_1" modality="FALSE" explicit_context="451113.txt" implicit_context="" focus="Meal" implicit_focus="">
        <original_text>Meal is average</original_text>
        <correct_text></correct_text>
    </node>
    <edge id="451113.txt_1_0-451113.txt_1_1" source="451113.txt_1_0" target="451113.txt_1_1"/>
</F_entailment_graph>
