<?xml version="1.0" encoding="UTF-8" standalone="yes"?>
<F_entailment_graph nodeNum="2">
    <node id="453995.txt_1_0" modality="FALSE" explicit_context="453995.txt" implicit_context="" focus="food" implicit_focus="">
        <original_text>the quality of food has suffered since leisure select became standard magnum</original_text>
        <correct_text></correct_text>
    </node>
    <node id="453995.txt_1_1" modality="FALSE" explicit_context="453995.txt" implicit_context="" focus="food" implicit_focus="">
        <original_text>the quality of food has suffered</original_text>
        <correct_text></correct_text>
    </node>
    <edge id="453995.txt_1_0-453995.txt_1_1" source="453995.txt_1_0" target="453995.txt_1_1"/>
</F_entailment_graph>
