<?xml version="1.0" encoding="UTF-8" standalone="yes"?>
<F_entailment_graph nodeNum="4">
    <node id="513560.txt_1_0" modality="FALSE" explicit_context="513560.txt" implicit_context="" focus="Food" implicit_focus="">
        <original_text>Food on premium eco has got worse over the years</original_text>
        <correct_text></correct_text>
    </node>
    <node id="513560.txt_1_1" modality="FALSE" explicit_context="513560.txt" implicit_context="" focus="Food" implicit_focus="">
        <original_text>Food on premium eco has got worse</original_text>
        <correct_text></correct_text>
    </node>
    <node id="513560.txt_1_2" modality="FALSE" explicit_context="513560.txt" implicit_context="" focus="Food" implicit_focus="">
        <original_text>Food has got worse over the years</original_text>
        <correct_text></correct_text>
    </node>
    <node id="513560.txt_1_3" modality="FALSE" explicit_context="513560.txt" implicit_context="" focus="Food" implicit_focus="">
        <original_text>Food has got worse</original_text>
        <correct_text></correct_text>
    </node>
    <edge id="513560.txt_1_0-513560.txt_1_1" source="513560.txt_1_0" target="513560.txt_1_1"/>
    <edge id="513560.txt_1_0-513560.txt_1_2" source="513560.txt_1_0" target="513560.txt_1_2"/>
    <edge id="513560.txt_1_1-513560.txt_1_3" source="513560.txt_1_1" target="513560.txt_1_3"/>
    <edge id="513560.txt_1_2-513560.txt_1_3" source="513560.txt_1_2" target="513560.txt_1_3"/>
    <edge id="513560.txt_1_0-513560.txt_1_3" source="513560.txt_1_0" target="513560.txt_1_3"/>
</F_entailment_graph>
