<?xml version="1.0" encoding="UTF-8" standalone="yes"?>
<F_entailment_graph nodeNum="19">
    <node id="399686.txt_2_2">
        <original_text>food portions are insultingly small</original_text>
        <correct_text></correct_text>
    </node>
    <node id="399686.txt_1_2">
        <original_text>food portions are absurdly small</original_text>
        <correct_text></correct_text>
    </node>
    <node id="305036.txt_2_0">
        <original_text>I wished the food would be more consistant in terms of quantity</original_text>
        <correct_text></correct_text>
    </node>
    <node id="77304.txt_2_0">
        <original_text>It could be improved by making the portions of the meals larger</original_text>
        <correct_text></correct_text>
    </node>
    <node id="193730.txt_7_0">
        <original_text>more food</original_text>
        <correct_text></correct_text>
    </node>
    <node id="399686.txt_1_3">
        <original_text>food portions are small</original_text>
        <correct_text></correct_text>
    </node>
    <node id="399686.txt_2_3">
        <original_text>food portions are small</original_text>
        <correct_text></correct_text>
    </node>
    <node id="193730.txt_4_0">
        <original_text>food is finished too early</original_text>
        <correct_text></correct_text>
    </node>
    <node id="305036.txt_3_3">
        <original_text>the portions are getting smaller</original_text>
        <correct_text></correct_text>
    </node>
    <node id="57576.txt_2_0">
        <original_text>Food quantity has declined over time</original_text>
        <correct_text></correct_text>
    </node>
    <node id="399686.txt_1_0">
        <original_text>Standard magnum food portions are absurdly small</original_text>
        <correct_text></correct_text>
    </node>
    <node id="399686.txt_2_0">
        <original_text>Standard magnum food portions are insultingly small</original_text>
        <correct_text></correct_text>
    </node>
    <node id="305036.txt_3_1">
        <original_text>the portions are getting rather smaller</original_text>
        <correct_text></correct_text>
    </node>
    <node id="305036.txt_3_0">
        <original_text>the portions are getting rather smaller each time</original_text>
        <correct_text></correct_text>
    </node>
    <node id="57576.txt_4_0">
        <original_text>drink quantity has declined over time</original_text>
        <correct_text></correct_text>
    </node>
    <node id="399686.txt_1_1">
        <original_text>Standard magnum food portions are small</original_text>
        <correct_text></correct_text>
    </node>
    <node id="399686.txt_2_1">
        <original_text>Standard magnum food portions are small</original_text>
        <correct_text></correct_text>
    </node>
    <node id="428613.txt_3_0">
        <original_text>Bigger salads</original_text>
        <correct_text></correct_text>
    </node>
    <node id="305036.txt_3_2">
        <original_text>the portions are getting smaller each time</original_text>
        <correct_text></correct_text>
    </node>
    <edge id="193730.txt_4_0-77304.txt_2_0" source="77304.txt_2_0" target="193730.txt_4_0"/>
    <edge id="305036.txt_2_0-57576.txt_2_0" source="57576.txt_2_0" target="305036.txt_2_0"/>
    <edge id="193730.txt_7_0-399686.txt_2_2" source="399686.txt_2_2" target="193730.txt_7_0"/>
    <edge id="193730.txt_7_0-399686.txt_2_0" source="399686.txt_2_0" target="193730.txt_7_0"/>
    <edge id="193730.txt_4_0-399686.txt_2_2" source="399686.txt_2_2" target="193730.txt_4_0"/>
    <edge id="77304.txt_2_0-428613.txt_3_0" source="428613.txt_3_0" target="77304.txt_2_0"/>
    <edge id="193730.txt_4_0-399686.txt_1_2" source="399686.txt_1_2" target="193730.txt_4_0"/>
    <edge id="193730.txt_7_0-305036.txt_3_2" source="305036.txt_3_2" target="193730.txt_7_0"/>
    <edge id="399686.txt_2_0-399686.txt_1_0" source="399686.txt_1_0" target="399686.txt_2_0"/>
    <edge id="399686.txt_1_3-305036.txt_3_1" source="305036.txt_3_1" target="399686.txt_1_3"/>
    <edge id="399686.txt_2_3-305036.txt_3_1" source="305036.txt_3_1" target="399686.txt_2_3"/>
    <edge id="399686.txt_1_3-305036.txt_3_2" source="305036.txt_3_2" target="399686.txt_1_3"/>
    <edge id="399686.txt_2_3-305036.txt_3_2" source="305036.txt_3_2" target="399686.txt_2_3"/>
    <edge id="399686.txt_2_2-399686.txt_1_0" source="399686.txt_1_0" target="399686.txt_2_2"/>
    <edge id="399686.txt_1_3-399686.txt_2_0" source="399686.txt_2_0" target="399686.txt_1_3"/>
    <edge id="399686.txt_2_3-399686.txt_2_0" source="399686.txt_2_0" target="399686.txt_2_3"/>
    <edge id="399686.txt_1_3-305036.txt_3_3" source="305036.txt_3_3" target="399686.txt_1_3"/>
    <edge id="399686.txt_2_3-305036.txt_3_3" source="305036.txt_3_3" target="399686.txt_2_3"/>
    <edge id="193730.txt_4_0-305036.txt_2_0" source="305036.txt_2_0" target="193730.txt_4_0"/>
    <edge id="77304.txt_2_0-399686.txt_1_0" source="399686.txt_1_0" target="77304.txt_2_0"/>
    <edge id="305036.txt_2_0-77304.txt_2_0" source="77304.txt_2_0" target="305036.txt_2_0"/>
    <edge id="77304.txt_2_0-399686.txt_1_1" source="399686.txt_1_1" target="77304.txt_2_0"/>
    <edge id="77304.txt_2_0-399686.txt_2_1" source="399686.txt_2_1" target="77304.txt_2_0"/>
    <edge id="77304.txt_2_0-193730.txt_4_0" source="193730.txt_4_0" target="77304.txt_2_0"/>
    <edge id="305036.txt_2_0-305036.txt_3_1" source="305036.txt_3_1" target="305036.txt_2_0"/>
    <edge id="399686.txt_1_3-77304.txt_2_0" source="77304.txt_2_0" target="399686.txt_1_3"/>
    <edge id="399686.txt_2_3-77304.txt_2_0" source="77304.txt_2_0" target="399686.txt_2_3"/>
    <edge id="193730.txt_7_0-428613.txt_3_0" source="428613.txt_3_0" target="193730.txt_7_0"/>
    <edge id="193730.txt_7_0-399686.txt_1_0" source="399686.txt_1_0" target="193730.txt_7_0"/>
    <edge id="305036.txt_2_0-193730.txt_7_0" source="193730.txt_7_0" target="305036.txt_2_0"/>
    <edge id="399686.txt_1_3-193730.txt_7_0" source="193730.txt_7_0" target="399686.txt_1_3"/>
    <edge id="399686.txt_2_3-193730.txt_7_0" source="193730.txt_7_0" target="399686.txt_2_3"/>
    <edge id="193730.txt_7_0-305036.txt_3_1" source="305036.txt_3_1" target="193730.txt_7_0"/>
    <edge id="57576.txt_2_0-305036.txt_3_3" source="305036.txt_3_3" target="57576.txt_2_0"/>
    <edge id="399686.txt_1_2-399686.txt_1_0" source="399686.txt_1_0" target="399686.txt_1_2"/>
    <edge id="305036.txt_3_3-57576.txt_2_0" source="57576.txt_2_0" target="305036.txt_3_3"/>
    <edge id="305036.txt_2_0-305036.txt_3_2" source="305036.txt_3_2" target="305036.txt_2_0"/>
    <edge id="399686.txt_1_3-305036.txt_3_0" source="305036.txt_3_0" target="399686.txt_1_3"/>
    <edge id="399686.txt_2_3-305036.txt_3_0" source="305036.txt_3_0" target="399686.txt_2_3"/>
    <edge id="399686.txt_1_2-399686.txt_2_2" source="399686.txt_2_2" target="399686.txt_1_2"/>
    <edge id="77304.txt_2_0-305036.txt_2_0" source="305036.txt_2_0" target="77304.txt_2_0"/>
    <edge id="193730.txt_4_0-305036.txt_3_2" source="305036.txt_3_2" target="193730.txt_4_0"/>
    <edge id="57576.txt_2_0-305036.txt_3_0" source="305036.txt_3_0" target="57576.txt_2_0"/>
    <edge id="193730.txt_4_0-399686.txt_1_3" source="399686.txt_1_3" target="193730.txt_4_0"/>
    <edge id="193730.txt_4_0-399686.txt_2_3" source="399686.txt_2_3" target="193730.txt_4_0"/>
    <edge id="193730.txt_7_0-399686.txt_1_3" source="399686.txt_1_3" target="193730.txt_7_0"/>
    <edge id="193730.txt_7_0-399686.txt_2_3" source="399686.txt_2_3" target="193730.txt_7_0"/>
    <edge id="399686.txt_1_3-399686.txt_1_1" source="399686.txt_1_1" target="399686.txt_1_3"/>
    <edge id="399686.txt_1_3-399686.txt_2_1" source="399686.txt_2_1" target="399686.txt_1_3"/>
    <edge id="399686.txt_2_3-399686.txt_1_1" source="399686.txt_1_1" target="399686.txt_2_3"/>
    <edge id="399686.txt_2_3-399686.txt_2_1" source="399686.txt_2_1" target="399686.txt_2_3"/>
    <edge id="305036.txt_3_3-305036.txt_3_1" source="305036.txt_3_1" target="305036.txt_3_3"/>
    <edge id="193730.txt_7_0-305036.txt_2_0" source="305036.txt_2_0" target="193730.txt_7_0"/>
    <edge id="399686.txt_1_3-399686.txt_2_2" source="399686.txt_2_2" target="399686.txt_1_3"/>
    <edge id="399686.txt_2_3-399686.txt_2_2" source="399686.txt_2_2" target="399686.txt_2_3"/>
    <edge id="305036.txt_2_0-399686.txt_2_0" source="399686.txt_2_0" target="305036.txt_2_0"/>
    <edge id="77304.txt_2_0-57576.txt_2_0" source="57576.txt_2_0" target="77304.txt_2_0"/>
    <edge id="193730.txt_4_0-399686.txt_1_1" source="399686.txt_1_1" target="193730.txt_4_0"/>
    <edge id="193730.txt_4_0-399686.txt_2_1" source="399686.txt_2_1" target="193730.txt_4_0"/>
    <edge id="193730.txt_4_0-305036.txt_3_0" source="305036.txt_3_0" target="193730.txt_4_0"/>
    <edge id="193730.txt_7_0-193730.txt_4_0" source="193730.txt_4_0" target="193730.txt_7_0"/>
    <edge id="305036.txt_2_0-305036.txt_3_0" source="305036.txt_3_0" target="305036.txt_2_0"/>
    <edge id="193730.txt_4_0-193730.txt_7_0" source="193730.txt_7_0" target="193730.txt_4_0"/>
    <edge id="77304.txt_2_0-305036.txt_3_2" source="305036.txt_3_2" target="77304.txt_2_0"/>
    <edge id="305036.txt_2_0-399686.txt_1_2" source="399686.txt_1_2" target="305036.txt_2_0"/>
    <edge id="305036.txt_2_0-399686.txt_2_2" source="399686.txt_2_2" target="305036.txt_2_0"/>
    <edge id="193730.txt_4_0-399686.txt_2_0" source="399686.txt_2_0" target="193730.txt_4_0"/>
    <edge id="305036.txt_2_0-399686.txt_1_3" source="399686.txt_1_3" target="305036.txt_2_0"/>
    <edge id="305036.txt_2_0-399686.txt_2_3" source="399686.txt_2_3" target="305036.txt_2_0"/>
    <edge id="399686.txt_1_3-305036.txt_2_0" source="305036.txt_2_0" target="399686.txt_1_3"/>
    <edge id="399686.txt_2_3-305036.txt_2_0" source="305036.txt_2_0" target="399686.txt_2_3"/>
    <edge id="399686.txt_2_2-399686.txt_2_0" source="399686.txt_2_0" target="399686.txt_2_2"/>
    <edge id="193730.txt_7_0-57576.txt_2_0" source="57576.txt_2_0" target="193730.txt_7_0"/>
    <edge id="399686.txt_1_3-193730.txt_4_0" source="193730.txt_4_0" target="399686.txt_1_3"/>
    <edge id="399686.txt_2_3-193730.txt_4_0" source="193730.txt_4_0" target="399686.txt_2_3"/>
    <edge id="305036.txt_3_2-305036.txt_3_0" source="305036.txt_3_0" target="305036.txt_3_2"/>
    <edge id="305036.txt_2_0-305036.txt_3_3" source="305036.txt_3_3" target="305036.txt_2_0"/>
    <edge id="305036.txt_3_1-305036.txt_3_0" source="305036.txt_3_0" target="305036.txt_3_1"/>
    <edge id="193730.txt_4_0-399686.txt_1_0" source="399686.txt_1_0" target="193730.txt_4_0"/>
    <edge id="305036.txt_3_3-305036.txt_3_0" source="305036.txt_3_0" target="305036.txt_3_3"/>
    <edge id="77304.txt_2_0-399686.txt_1_3" source="399686.txt_1_3" target="77304.txt_2_0"/>
    <edge id="77304.txt_2_0-399686.txt_2_3" source="399686.txt_2_3" target="77304.txt_2_0"/>
    <edge id="193730.txt_4_0-428613.txt_3_0" source="428613.txt_3_0" target="193730.txt_4_0"/>
    <edge id="399686.txt_1_1-399686.txt_1_0" source="399686.txt_1_0" target="399686.txt_1_1"/>
    <edge id="399686.txt_2_1-399686.txt_1_0" source="399686.txt_1_0" target="399686.txt_2_1"/>
    <edge id="77304.txt_2_0-305036.txt_3_3" source="305036.txt_3_3" target="77304.txt_2_0"/>
    <edge id="193730.txt_4_0-305036.txt_3_3" source="305036.txt_3_3" target="193730.txt_4_0"/>
    <edge id="399686.txt_1_2-399686.txt_2_0" source="399686.txt_2_0" target="399686.txt_1_2"/>
    <edge id="305036.txt_2_0-399686.txt_1_0" source="399686.txt_1_0" target="305036.txt_2_0"/>
    <edge id="77304.txt_2_0-305036.txt_3_1" source="305036.txt_3_1" target="77304.txt_2_0"/>
    <edge id="305036.txt_3_3-305036.txt_3_2" source="305036.txt_3_2" target="305036.txt_3_3"/>
    <edge id="77304.txt_2_0-193730.txt_7_0" source="193730.txt_7_0" target="77304.txt_2_0"/>
    <edge id="193730.txt_7_0-305036.txt_3_3" source="305036.txt_3_3" target="193730.txt_7_0"/>
    <edge id="399686.txt_1_3-57576.txt_2_0" source="57576.txt_2_0" target="399686.txt_1_3"/>
    <edge id="399686.txt_2_3-57576.txt_2_0" source="57576.txt_2_0" target="399686.txt_2_3"/>
    <edge id="193730.txt_7_0-305036.txt_3_0" source="305036.txt_3_0" target="193730.txt_7_0"/>
    <edge id="305036.txt_2_0-193730.txt_4_0" source="193730.txt_4_0" target="305036.txt_2_0"/>
    <edge id="305036.txt_2_0-428613.txt_3_0" source="428613.txt_3_0" target="305036.txt_2_0"/>
    <edge id="399686.txt_1_3-399686.txt_1_2" source="399686.txt_1_2" target="399686.txt_1_3"/>
    <edge id="399686.txt_2_3-399686.txt_1_2" source="399686.txt_1_2" target="399686.txt_2_3"/>
    <edge id="193730.txt_7_0-77304.txt_2_0" source="77304.txt_2_0" target="193730.txt_7_0"/>
    <edge id="399686.txt_1_3-428613.txt_3_0" source="428613.txt_3_0" target="399686.txt_1_3"/>
    <edge id="399686.txt_2_3-428613.txt_3_0" source="428613.txt_3_0" target="399686.txt_2_3"/>
    <edge id="399686.txt_2_2-399686.txt_1_2" source="399686.txt_1_2" target="399686.txt_2_2"/>
    <edge id="77304.txt_2_0-399686.txt_2_2" source="399686.txt_2_2" target="77304.txt_2_0"/>
    <edge id="193730.txt_4_0-57576.txt_2_0" source="57576.txt_2_0" target="193730.txt_4_0"/>
    <edge id="399686.txt_1_3-399686.txt_1_0" source="399686.txt_1_0" target="399686.txt_1_3"/>
    <edge id="399686.txt_2_3-399686.txt_1_0" source="399686.txt_1_0" target="399686.txt_2_3"/>
    <edge id="77304.txt_2_0-399686.txt_1_2" source="399686.txt_1_2" target="77304.txt_2_0"/>
    <edge id="77304.txt_2_0-305036.txt_3_0" source="305036.txt_3_0" target="77304.txt_2_0"/>
    <edge id="57576.txt_2_0-305036.txt_3_1" source="305036.txt_3_1" target="57576.txt_2_0"/>
    <edge id="399686.txt_1_0-399686.txt_2_0" source="399686.txt_2_0" target="399686.txt_1_0"/>
    <edge id="77304.txt_2_0-399686.txt_2_0" source="399686.txt_2_0" target="77304.txt_2_0"/>
    <edge id="193730.txt_7_0-399686.txt_1_1" source="399686.txt_1_1" target="193730.txt_7_0"/>
    <edge id="193730.txt_7_0-399686.txt_2_1" source="399686.txt_2_1" target="193730.txt_7_0"/>
    <edge id="399686.txt_1_1-399686.txt_2_0" source="399686.txt_2_0" target="399686.txt_1_1"/>
    <edge id="399686.txt_2_1-399686.txt_2_0" source="399686.txt_2_0" target="399686.txt_2_1"/>
    <edge id="57576.txt_2_0-305036.txt_3_2" source="305036.txt_3_2" target="57576.txt_2_0"/>
    <edge id="193730.txt_7_0-399686.txt_1_2" source="399686.txt_1_2" target="193730.txt_7_0"/>
    <edge id="193730.txt_4_0-305036.txt_3_1" source="305036.txt_3_1" target="193730.txt_4_0"/>
    <edge id="305036.txt_2_0-399686.txt_1_1" source="399686.txt_1_1" target="305036.txt_2_0"/>
    <edge id="305036.txt_2_0-399686.txt_2_1" source="399686.txt_2_1" target="305036.txt_2_0"/>
</F_entailment_graph>
