<?xml version="1.0" encoding="UTF-8" standalone="yes"?>
<F_entailment_graph nodeNum="2">
    <node id="305036.txt_1_0" modality="FALSE" explicit_context="305036.txt" implicit_context="" focus="champagne" implicit_focus="">
        <original_text>there is no more champagne on offer</original_text>
        <correct_text></correct_text>
    </node>
    <node id="305036.txt_1_1" modality="FALSE" explicit_context="305036.txt" implicit_context="" focus="champagne" implicit_focus="">
        <original_text>there is no champagne on offer</original_text>
        <correct_text></correct_text>
    </node>
    <edge id="305036.txt_1_0-305036.txt_1_1" source="305036.txt_1_0" target="305036.txt_1_1"/>
</F_entailment_graph>
