<?xml version="1.0" encoding="UTF-8" standalone="yes"?>
<F_entailment_graph nodeNum="2">
    <node id="418508.txt_10_0" modality="TRUE" explicit_context="418508.txt" implicit_context="" focus="milk" implicit_focus="">
        <original_text>There should be real milk , not fake prepackaged junk</original_text>
        <correct_text></correct_text>
    </node>
    <node id="418508.txt_10_1" modality="TRUE" explicit_context="418508.txt" implicit_context="" focus="milk" implicit_focus="">
        <original_text>There should be real milk ,</original_text>
        <correct_text></correct_text>
    </node>
    <edge id="418508.txt_10_0-418508.txt_10_1" source="418508.txt_10_0" target="418508.txt_10_1"/>
</F_entailment_graph>
