<?xml version="1.0" encoding="UTF-8" standalone="yes"?>
<F_entailment_graph nodeNum="4">
    <node id="500967.txt_6_0" modality="FALSE" explicit_context="500967.txt" implicit_context="" focus="drinks" implicit_focus="">
        <original_text>quality of drinks at the bar are very low standard</original_text>
        <correct_text>quality of drinks at the bar is very low standard</correct_text>
    </node>
    <node id="500967.txt_6_1" modality="FALSE" explicit_context="500967.txt" implicit_context="" focus="drinks" implicit_focus="">
        <original_text>quality of drinks at the bar are low standard</original_text>
        <correct_text>quality of drinks at the bar is low standard</correct_text>
    </node>
    <node id="500967.txt_6_2" modality="FALSE" explicit_context="500967.txt" implicit_context="" focus="drinks" implicit_focus="">
        <original_text>quality of drinks are very low standard</original_text>
        <correct_text>quality of drinks is very low standard</correct_text>
    </node>
    <node id="500967.txt_6_3" modality="FALSE" explicit_context="500967.txt" implicit_context="" focus="drinks" implicit_focus="">
        <original_text>quality of drinks are low standard</original_text>
        <correct_text></correct_text>
    </node>
    <edge id="500967.txt_6_0-500967.txt_6_1" source="500967.txt_6_0" target="500967.txt_6_1"/>
    <edge id="500967.txt_6_0-500967.txt_6_2" source="500967.txt_6_0" target="500967.txt_6_2"/>
    <edge id="500967.txt_6_2-500967.txt_6_3" source="500967.txt_6_2" target="500967.txt_6_3"/>
    <edge id="500967.txt_6_1-500967.txt_6_3" source="500967.txt_6_1" target="500967.txt_6_3"/>
    <edge id="500967.txt_6_0-500967.txt_6_3" source="500967.txt_6_0" target="500967.txt_6_3"/>
</F_entailment_graph>
